Symbol,Atomic weight,Atomic number,Period,Group,quantum number l,Metal(1)/metalloid(2)/nonmetal(3),Mendeleev number,Families,valences,valencep,valenced,valencef,unfilleds,unfilledp,unfilledd,unfilledf,no. of valence electrons,outershellelectrons,Gilman no.of valenceelectrons,Metallic valence,Zeff,1st Bohrradius (a0),Ionizationenergy (eV),Electron affinity (ev),AllredRockow EN,NagleEN,GhoshEN,Atomicradius calculated,Covalentradius,Ionicradius,Effective ionic radius,Miracleradius,van der Waalsradius,Zungerradii sum,Crystalradius,Covalent CSDradius,Slaterradius,Orbital radius,"polarizability, A^3","Melting point,K","Boiling point,K","Density, g/mL","Specific heat,J/g K","Heat of fusion, kJ/mol","Heat of vaporization, kJ/mol","Heat of atomization, kJ/mol","Thermal conductivity,W/m K",DFTLDAEtot,DFTLDAEkin,DFTLDAEcoul,DFTLDAEenuc,DFTLDAExc,DFTLSDEtot,DFTLSDEkin,DFTLSDEcoul,DFTLSDEenuc,DFTLSDExc,DFTRLDAEtot,DFTRLDAEkin,DFTRLDAEcoul,DFTRLDAEenuc,DFTRLDAExc,DFTScRLDAEtot,DFTScRLDAEkin,DFTScRLDAEcoul,DFTScRLDAEenuc,DFTScRLDAExc,Neutron Cross Section ,no. of Known Isotopes,no. of Stable Isotopes,fraction of stable isotopes ,fraction abundance of stable isotopes ,Abundance in solar system (log)
H,-1.5959681852025265,-1.6988282752201815,-2.49453383670351,-1.3180561626489158,-1.5922286130214824,1.8181642105551148,1.2676204126812558,1.2622895499046816,-1.8673991236957053,-0.5805847497871376,-0.9208519114026057,-0.6123928815982332,1.8673991236957053,0.5805847497871375,0.9208519114026058,0.6123928815982334,-1.2568505273517316,-0.9397948817839257,-1.3292646418704832,-1.727793991791832,-2.5300832554902035,-0.9851976602822432,1.5212698008375751,0.0009013810885913617,0.7192459844466386,0.8148044779921618,-0.3932704605302553,-1.9063289454222512,-2.8700612469920115,-2.511186291171411,-2.0820608089876504,-2.5445769679932164,-2.261860362342265,-1.2153786546496652,-2.1476252812164662,-2.530350953648277,-2.723806424149643,-1.7560563143129904,-1.1073595316771658,-1.3757786385160442,-1.5627519397250205,-1.2400309243660308,8.314821083315051,-0.9062331714725225,-1.25909446378093,-0.55873733357688,-0.7580143331809125,0.9895442257930812,-0.9893786814520957,-1.0037851963747204,0.9898840034021273,1.2463059980466156,0.9901522961996537,-0.9899859970226348,-1.0044968666640302,0.9905042079063497,1.2475969988573044,0.9704457762805825,-0.9258414289609258,-0.9947843651607982,0.9520918083437774,1.2700757111882979,0.9713354118315219,-0.935942564165404,-0.9961049036408884,0.9574317611549809,1.2715045238064449,-0.16261175326579505,-2.9214823225474116,-0.4498903492464176,2.5851788561985862,0.36176173030240016,9.121821914798426
He,-1.5491477406737864,-1.658526739246496,-2.49453383670351,1.6765840182122216,-1.5922286130214824,1.8181642105551148,1.4725289421479566,2.246643786068883,0.46684978092392615,-0.5805847497871376,-0.9208519114026057,-0.6123928815982332,-0.4668497809239263,0.5805847497871375,0.9208519114026058,0.6123928815982334,-1.119357226418788,-0.4643034237384871,-0.7963047618752422,-1.727793991791832,-2.1668505846635404,-1.1543603589465967,4.659441728587054,-1.1330252167478994,3.085009520855193,2.9345657103869063,0.5077172813301342,-2.2923424947389384,-3.0123921723095846,-1.2816006516040883,-0.9926184853822021,-0.8091604635683445,-1.7238881759144753,-0.7926972181246748,-0.9831623335427714,-2.5962118797665084,-2.585528375541608,-2.279044511032289,-1.1495062948466623,-1.3897741218779434,-1.5726781340823215,-1.2243665517354771,2.772263077430088,-0.9447157570424319,-1.2608106343471766,-1.6053813682695193,-0.7583715140186389,0.9891804177617055,-0.9890218145756593,-1.0031259319243133,0.9895187090196493,1.2399009542910147,0.9897934123496408,-0.9896353705721528,-1.003843417306238,0.9901416708797973,1.2415829326414067,0.9701054434287668,-0.9255542584652969,-0.9941477131534949,0.9517705127816732,1.263279142924286,0.9709943254624016,-0.9356460097939444,-0.9954656036069598,0.957105279797354,1.2646815622077094,-0.16267204487754633,-2.6732804260791156,-0.4498903492464176,1.683633677621873,0.36176173030240016,0.781451861720623
Li,-1.5032069631962743,-1.6182252032728104,-1.8038648591145903,-1.3180561626489158,-1.5922286130214824,-0.5778661444399978,-1.840158950897037,-1.6907731585879224,-1.8673991236957053,-0.5805847497871376,-0.9208519114026057,-0.6123928815982332,1.8673991236957053,0.5805847497871375,0.9208519114026058,0.6123928815982334,-1.2568505273517316,-0.9397948817839257,-1.3292646418704832,-1.1899937526593225,-2.2566028434433845,0.4583240349869067,-0.8223497786930144,-0.11872507719843818,-1.0461732567012503,-0.893851545695723,-0.5917789468506457,0.09392308285512894,-0.10884129583108523,-0.4444359608348471,-0.5189479099015725,0.03302695769666711,-0.5941465844161162,-0.8695483884019456,-0.16556068943145374,-0.4008476758254694,0.04175454801105428,0.5666265593521296,0.8740420834625089,-0.9061286777610159,-0.5732964784463171,-1.161337783758136,1.8031823065624835,-0.7423902365796051,-0.5748527529301395,-0.8324011408130289,0.2653208747302893,0.9884951294922582,-0.988341016405029,-1.0023584088287087,0.988860073879335,1.2340294703617045,0.9891065968232859,-0.9889524906465695,-1.0030685746279013,0.9894811326314722,1.2355979920550726,0.9694643489902681,-0.9250063560028515,-0.9934064587500377,0.9511911487714007,1.2570519823395594,0.9703518116024431,-0.9350802094648654,-0.9947212709605198,0.9565165679448057,1.2584302939633627,-0.14950194520660215,-2.5491794778449677,-0.4498903492464176,1.368092865120024,0.36176173030240016,-0.11949357386859481
Be,-1.470824821806349,-1.5779236672991248,-1.8038648591145903,-1.1419008578923784,-1.5922286130214824,-0.5778661444399978,0.4138348732366699,-1.1985960405058218,0.46684978092392615,-0.5805847497871376,-0.9208519114026057,-0.6123928815982332,-0.4668497809239263,0.5805847497871375,0.9208519114026058,0.6123928815982334,-1.119357226418788,-0.4643034237384871,-0.7963047618752422,-0.652193513526813,-1.8374069994951714,-0.046657946951867126,0.3002413440645795,-1.1332206626772279,-0.20162111252099205,-0.110182241598272,-0.5167432989890595,-0.8711107904365893,-1.3613534386257322,-1.2554392550175495,-1.2531373018965486,-0.9878062802003162,-1.3742062547364116,-1.378687391488866,-1.379575251899774,-1.103364221086602,-0.8800991093758447,-0.6331698919450847,-0.6959668234490131,0.266393687863742,0.4366937974090524,-0.9288473773340035,0.7203425249276203,-0.40631261030746,0.11413662530744738,-0.0498186745061472,1.6613530981152471,0.9874121537193596,-0.987263827227475,-1.001156119965201,0.9878069473294275,1.2265724032986312,0.9880246511932593,-0.9878768893625777,-1.001873097425608,0.9884294373423376,1.2282481000757859,0.9684511261397013,-0.9241392137627927,-0.9922451637521071,0.9502645980496613,1.249146966514716,0.969336345415838,-0.9341847611673463,-0.993555167079302,0.9555750782329493,1.2504947815164396,-0.1626716367497129,-2.300977581376672,-0.8894383916136072,-0.28849640051468683,0.36176173030240016,-0.1194935925400269
B,-1.4427009293513111,-1.5376221313254392,-1.8038648591145903,0.795807494429534,-0.5430857284724436,0.6201490330575585,0.5845919811255871,0.7701124318225809,0.46684978092392615,-0.032254708321507654,-0.9208519114026057,-0.6123928815982332,-0.4668497809239263,0.03225470832150753,0.9208519114026058,0.6123928815982334,-0.9818639254858443,0.011188034306951455,-0.2633448818800014,-0.11439327439430338,-1.9377183475432325,0.04982744413817149,0.007613736969767475,-0.4232733644595024,0.40253893037904215,0.4936285336899278,-0.37031179215469534,-1.3097625510237343,-1.58908291913385,-1.7263443935752476,-1.6794408198291153,-1.8555145324127524,-0.6479438030588953,-1.6476664874593143,-1.7759881702567761,-1.3668079255595267,-1.3410259380692944,-1.2132912530118698,-0.9142568318966043,1.1221480522058205,1.0768402753828625,-0.842215971137939,0.23367296014790664,2.4622287452477183,1.0421650546239132,1.1456600623675555,-0.4333006282125734,0.985905098290104,-0.9857632401641029,-0.9994677430816491,0.9863259640833144,1.2178500359837474,0.9865157378675004,-0.9863741432166225,-1.0001745735697585,0.986945986363738,1.2194013912158537,0.9670409530208058,-0.9229307565106722,-0.9906141468339197,0.9489612778764678,1.2399055106239807,0.9679230500892507,-0.9329368864548103,-0.9919174049427523,0.9542507588497069,1.2412177755456075,-0.02168372829394141,-2.0527756849083763,-0.4498903492464176,0.5567022044009812,0.36176173030240016,-0.11949358575974989
C,-1.4239393684691524,-1.4973205953517537,-1.8038648591145903,0.9719627991860715,-0.5430857284724436,1.8181642105551148,0.7553490890145043,1.2622895499046816,0.46684978092392615,0.5160753331441222,-0.9208519114026057,-0.6123928815982332,-0.4668497809239263,-0.5160753331441225,0.9208519114026058,0.6123928815982334,-0.8443706245529008,0.48667949235239,0.2696149981152395,0.42340696473820616,-1.6649770717451886,-0.19075950507335343,0.8535693927685012,0.4530400288944829,1.029593459115288,1.1745215356106635,-0.13064569301470355,-1.66068395949345,-1.7314138444514233,-1.7525057901617862,-1.9399596363434617,-1.881035363360177,-0.9169298962727904,-1.8013688280138562,-1.6768849406675255,-1.5424370618748096,-1.6867210595893816,-1.556090239096788,-1.0150060665647234,2.4981925232078144,1.5887527300032913,-0.85812786207191,0.04508850379576758,6.182845698725203,0.4123474839930224,1.8370212595957207,0.8016975225703035,0.9839131164401054,-0.9837786265577332,-0.9971108832436523,0.9843388912642372,1.2074307564746032,0.9845178853268952,-0.9843827455243047,-0.9977903347778379,0.984952032813779,1.2085756706523607,0.965176715489343,-0.9213316951759807,-0.9883370697797974,0.9472120319396989,1.2288713910465514,0.9660546851670749,-0.9312857212355498,-0.9896309257052918,0.9524733547854065,1.2301413354215134,-0.1626726941718267,-1.9286747366742283,-0.4498903492464176,0.4214704276144747,0.36176173030240016,-0.11614817032209167
N,-1.392736703873352,-1.457019059378068,-1.8038648591145903,1.1481181039426092,-0.5430857284724436,1.8181642105551148,0.9261061969034214,1.2622895499046816,0.46684978092392615,1.0644053746097522,-0.9208519114026057,-0.6123928815982332,-0.4668497809239263,-1.0644053746097524,0.9208519114026058,0.6123928815982334,-0.7068773236199571,0.9621709503978286,0.8025748781104803,-0.11439327439430338,-1.4023725216446328,-0.3661874888734239,1.7884813280734646,-0.6726971888352287,1.6935335483654304,1.9068026886197573,0.23053335825934937,-1.8536907341517936,-1.7883462145784528,0.6543426957997819,1.1388991042806313,-2.0086395180973002,-1.3204090360936325,-1.8974327908604451,-1.652109133270213,-1.6522052720718616,-1.801952766762744,-1.7736357494968322,-1.0737764534544596,-1.3232154490957817,-1.527327833612403,-1.2557041369359923,0.24583969926739951,-0.9216044794701009,-1.2480717626030418,0.6655481198479961,-0.7598973421261062,0.9813854774325229,-0.9812590706619696,-0.9939664071496451,0.9817838245227095,1.195225413331093,0.9819792541753792,-0.9818507227114557,-0.994602535287873,0.9823853351416383,1.195633225280867,0.9628106970565958,-0.9193003872402296,-0.9852986251352668,0.9449619516095062,1.2159519809517887,0.9636834283706651,-0.9291883105690494,-0.9865799572082151,0.9501870949160371,1.217172557404037,-0.16231901430166126,-1.8045737884400803,-0.4498903492464176,0.3031426229262815,0.36176173030240016,-0.11845684304925407
O,-1.3615821939504829,-1.4167175234043825,-1.8038648591145903,1.3242734086991466,-0.5430857284724436,1.8181642105551148,1.0968633047923386,1.2622895499046816,0.46684978092392615,1.6127354160753824,-0.9208519114026057,-0.6123928815982332,-0.4668497809239263,-1.6127354160753824,0.9208519114026058,0.6123928815982334,-0.5693840226870135,1.4376624084432672,1.3355347581057213,-1.727793991791832,-1.4731184197416867,-0.32233049292340615,1.526895607278258,0.6276636106704514,2.385455786970943,2.5491545772242254,0.7317042898721825,-1.9940592975396803,-1.8452785847054822,0.497374316280549,0.9967979316364424,-2.212806165676697,-1.401104864057801,-1.9646775648530574,0.6024893398852383,-1.7619734822689135,-1.9171844739361064,-1.9296532367534298,-1.0995514659903867,-1.332296487918388,-1.519386878126562,-1.2556723131541243,0.17283926455044246,-0.9309610163744574,-1.2451691455542269,-0.4099026313958167,-0.7598881401791003,0.9782717666516175,-0.9781540291497998,-0.989914045202097,0.9785989350710744,1.1811482617339437,0.9788734186418766,-0.9787550960652022,-0.9905978054574075,0.9792107682923202,1.182211837607016,0.9598954068767259,-0.9167953052858804,-0.9813823337497769,0.9421560692856648,1.2010584529252712,0.9607616839921408,-0.9266018366062417,-0.9826475533313055,0.9473361569517345,1.202222351928824,-0.16267329152256468,-1.6804728402059326,-0.010342306879227953,1.0339908283533592,0.36176173030240016,-0.11161032005492885
F,-1.3146938794752514,-1.376415987430697,-1.8038648591145903,1.500428713455684,-0.5430857284724436,1.8181642105551148,1.3017718342590394,1.7544666679867822,0.46684978092392615,2.1610654575410124,-0.9208519114026057,-0.6123928815982332,-0.4668497809239263,-2.1610654575410124,0.9208519114026058,0.6123928815982334,-0.4318907217540699,1.9131538664887058,1.8684946381009622,-1.727793991791832,-1.1964702809144023,-0.6017622099763754,2.613418742550661,2.351602086379972,3.1269827448882475,3.332823881321677,1.400865477891552,-2.099335720080595,-1.9022109548325117,0.3142445401747774,0.8310132302182223,-2.1617645037818476,-1.5355979106647486,-2.0223159425610104,0.552937725090613,-1.9595562606236072,-2.147647888282831,-2.048314424244363,-1.1129007395839123,-1.3337921884303467,-1.5225508525779516,-1.2556245774813224,0.1120055689529782,-0.9287469777092584,-1.2458281257009438,-1.2260929336790674,-0.7598740951020914,0.9745217768790209,-0.9744131944836619,-0.9848331195373017,0.9747224679545485,1.1651195314197083,0.975128435169332,-0.9750201525572509,-0.9855388884027565,0.9753393528370543,1.166611434166303,0.9563834711988735,-0.9137749138052321,-0.9764712330041455,0.9387393466260272,1.1841085505236195,0.9572419739633893,-0.9234834941565495,-0.9777162873242027,0.9438646569060001,1.1852082259287342,-0.16267156254465232,-1.5563718919717846,-0.8894383916136072,-0.6829224161419991,0.36176173030240016,-0.11949331355497986
Ne,-1.2962247331540748,-1.3361144514570114,-1.8038648591145903,1.6765840182122216,-0.5430857284724436,1.8181642105551148,1.50668036372574,2.246643786068883,0.46684978092392615,2.709395499006642,-0.9208519114026057,-0.6123928815982332,-0.4668497809239263,-2.709395499006642,0.9208519114026058,0.6123928815982334,-0.2943974208211263,2.3886453245341444,2.401454518096203,-1.727793991791832,-0.9272135045748702,-0.5954969248406585,3.796180292569773,-1.7780553834289483,3.885044609242817,4.180728374279574,2.120423742832882,-2.1695200017745377,-1.9591433249595411,0.18343755724208335,0.09682383822324613,-0.5029104921992492,-1.3473076454150221,-0.8119100106939925,-0.01690584504757796,-1.9376026185841968,-2.424203985498901,-2.1406064589595335,-1.1328826711264226,-1.3646677204272082,-1.559712042703097,-1.2557660165118467,0.16310587325484818,-0.9235530507577799,-1.253058563113743,-1.6053813682695193,-0.7596149876469271,0.9700854476886298,-0.9699864248488126,-0.9786028841830577,0.9700927459573837,1.1470652105246197,0.9706930740864036,-0.9705946333414954,-0.9793140462286016,0.9707103530493607,1.148703436592874,0.9522275732527038,-0.9101975976147398,-0.9704481982558826,0.9346566671681863,1.1650264506144905,0.9530768774657475,-0.919790420939605,-0.9716685734703667,0.9397166432007558,1.1660541446390706,-0.16266592296004542,-1.4322709437376366,-0.010342306879227953,0.7702260624849394,0.36176173030240016,-0.11835416176583669
Na,-1.252290348266569,-1.2958129154833258,-1.1131958815256706,-1.3180561626489158,-1.5922286130214824,-0.5778661444399978,-1.8060075293192537,-1.6907731585879224,-1.8673991236957053,-0.5805847497871376,-0.9208519114026057,-0.6123928815982332,1.8673991236957053,0.5805847497871375,0.9208519114026058,0.6123928815982334,-1.2568505273517316,-0.9397948817839257,-1.3292646418704832,-1.1899937526593225,-1.641007939106336,1.5898345304973602,-0.8944857536633957,-0.18363647307824862,-1.1008656395322007,-0.8810045079236336,-0.5931788656540334,0.49748270259530214,0.46048240543920865,0.23576035041516097,-0.6136820249976985,0.7476102242245557,0.6162908350464107,0.12951682520257715,0.47861030289867496,0.43339072167212517,0.8483764982245913,0.8457000928956208,0.8152716965727728,-0.9944818437174328,-0.8580541790713876,-1.0842535121224541,0.36142372090258146,-0.7696838135011005,-0.8051430311832269,-1.0820593509231997,0.9469914226624067,0.9650289446280568,-0.964935853811844,-0.9732134593585932,0.9650622385063201,1.1313953858721786,0.9656339972078307,-0.9655410156454503,-0.9739030606396312,0.9656746381710904,1.1329310215264208,0.9474888893240764,-0.9061114884013479,-0.9652329463163527,0.9302165783404956,1.148491262752596,0.9483277066613337,-0.9155725726738672,-0.9664322950223593,0.9352057808340468,1.1494581223214597,-0.16257502176078967,-1.3081699955034887,-0.8894383916136072,-0.7618076192674607,0.36176173030240016,-0.11947458018289518
Mg,-1.2317271772314324,-1.2555113795096402,-1.1131958815256706,-1.1419008578923784,-1.5922286130214824,-0.5778661444399978,0.44798629481445335,-1.1985960405058218,0.46684978092392615,-0.5805847497871376,-0.9208519114026057,-0.6123928815982332,-0.4668497809239263,0.5805847497871375,0.9208519114026058,0.6123928815982334,-1.119357226418788,-0.4643034237384871,-0.7963047618752422,-0.652193513526813,-1.2123089148167274,-0.8035043913464561,-0.17852335125546773,-1.0406534114547892,-0.5615733065014336,-0.4056641103563272,-0.5576209280479832,-0.29209046646155845,-0.22270603608514414,-0.5490815471810023,-1.0399855429302651,0.237193605276064,-0.8362340683086219,-0.46607974444627315,-0.2646639190207044,-0.11545032931313454,0.15698625518441678,-0.10798426582780624,-0.27617834566518373,-0.4056031850091262,-0.7296340395738068,-0.9482952440310793,0.23367296014790664,-0.3381465624736754,-0.6619641898837174,-0.8948156933405715,1.1286087977775356,0.9592883093632616,-0.9592018239000321,-0.9670795417296776,0.9593404932905303,1.11468829705379,0.9598929003495363,-0.959807002736086,-0.9677877324491722,0.9599551365232555,1.1163112643025914,0.9421068972635576,-0.9014667757693715,-0.9592947032703486,0.9251625140594686,1.1308757466808144,0.9429338068287199,-0.9107787003229448,-0.9604702766273249,0.9300714437668188,1.1317787358919464,-0.16266165616905995,-1.059968099035193,-0.010342306879227953,0.46449872022836275,0.36176173030240016,-0.11913785181927489
Al,-1.1898804693964549,-1.2152098435359546,-1.1131958815256706,0.795807494429534,-0.5430857284724436,-0.5778661444399978,0.6187434027033706,0.27793531374048025,0.46684978092392615,-0.032254708321507654,-0.9208519114026057,-0.6123928815982332,-0.4668497809239263,0.03225470832150753,0.9208519114026058,0.6123928815982334,-0.9818639254858443,0.011188034306951455,-0.2633448818800014,-0.11439327439430338,-1.4857893268635467,-0.694488429984984,-0.6526903062864292,-0.2851937086013895,-0.15456022496877897,-0.110182241598272,-0.5016241759124711,-0.7658343678956748,-0.5643002568473209,-1.0199866857387003,-1.371554945766706,-0.2477021827250036,-0.5403493657733373,-0.8023036144093336,-1.082265563132022,-0.5545231701013422,-0.4191722806823952,-0.0354690956944583,-0.4692810454457451,-0.39385125241516505,0.1246390623014044,-0.7785684074020548,0.16067252543094962,-0.21349231563818896,0.11884026661163626,-0.040216435655756014,2.1093426233992316,0.9528659700575854,-0.9527858552546664,-0.9605390317773693,0.9529813500350239,1.0974910266241242,0.9534679051389796,-0.9533881377331505,-0.9612320786100429,0.9535917082222617,1.0990349996448192,0.9360831500753538,-0.8962628019640753,-0.952961376793467,0.9195408934173483,1.112765140979338,0.9368967364092907,-0.9054082746353669,-0.9541118171016003,0.9243608731914864,1.113603525039013,-0.16263011901829774,-1.059968099035193,-0.8894383916136072,-0.8263500581882943,0.36176173030240016,-0.11946547135936621
Si,-1.1726204431355973,-1.174908307562269,-1.1131958815256706,0.9719627991860715,-0.5430857284724436,1.8181642105551148,0.7895005105922878,0.7701124318225809,0.46684978092392615,0.5160753331441222,-0.9208519114026057,-0.6123928815982332,-0.4668497809239263,-0.5160753331441225,0.9208519114026058,0.6123928815982334,-0.8443706245529008,0.48667949235239,0.2696149981152395,0.42340696473820616,-1.1352275631587438,-0.83107164594361,-0.0341657291354058,0.5624344498763566,0.23083028660745322,0.30092296710858757,-0.4201489015553011,-0.8886568608600751,-0.7635635522919233,-1.3862462379502432,-1.2768208306705802,-1.0388479420951655,0.1590144765827895,-1.0520699178104644,-1.4043510592970863,-2.9694237944364845,-0.7648674022024822,-0.5716418688016378,-0.7127583625603662,0.40741687899127554,0.0551557018002979,-0.8439839590194913,0.04508850379576758,2.485991809731607,0.5460249698580704,0.5647246119188887,1.0317461977161335,0.9457269286331643,-0.9456536431001121,-0.9531905942305844,0.9458929512326146,1.0792540364947132,0.9463239680170834,-0.946250351373708,-0.9538513512496943,0.9464951897507273,1.0805722051074227,0.9293840064575595,-0.8904696070295061,-0.9458430262084006,0.913269130345058,1.0935757396827288,0.9301827821870855,-0.8994306270010994,-0.9469654226704168,0.917990282103634,1.0943467466062402,-0.16264254836595107,-0.935867150801045,-0.010342306879227953,0.38031293033162433,0.36176173030240016,-0.1191623628353165
P,-1.1274635236717419,-1.1346067715885835,-1.1131958815256706,1.1481181039426092,-0.5430857284724436,1.8181642105551148,0.9602576184812049,1.2622895499046816,0.46684978092392615,1.0644053746097522,-0.9208519114026057,-0.6123928815982332,-0.4668497809239263,-1.0644053746097524,0.9208519114026058,0.6123928815982334,-0.7068773236199571,0.9621709503978286,0.8025748781104803,-0.11439327439430338,0.01676907600372566,5.559519192487522,0.6326493997475714,-0.008463314314939666,0.6594659380965303,0.7505692891317152,-0.3098352998483423,-1.1167557763653906,-0.9058944776094969,-1.2816006516040883,2.038873197693828,-1.2430145896745624,-0.6479438030588953,-1.224985050934324,-1.6273333258729001,-0.8618741586530875,-0.9953308165492072,-0.8990588491006944,-0.8638822145625449,-1.0518526419261338,-1.2321476289121664,-0.9341513409786606,0.08158872115424613,-0.9014669796817538,-1.2041576266588734,-0.09302874933290753,-0.7573665645430019,0.9378470738513455,-0.9377809381364242,-0.9449955673213761,0.9380486455214362,1.0599615904982602,0.9384365627573684,-0.9383690232491139,-0.9456127944361948,0.9386396834152246,1.0608934436492956,0.9219859269006274,-0.8840650985702652,-0.9379014649255042,0.9063220687671443,1.0732928774114798,0.9227683562466079,-0.892823232902877,-0.9389928164418072,0.9109342502883674,1.0739938993553348,-0.16263995118882948,-0.935867150801045,-0.8894383916136072,-0.8544119881538732,0.36176173030240016,-0.11949014799038107
S,-1.1103867822260687,-1.094305235614898,-1.1131958815256706,1.3242734086991466,-0.5430857284724436,1.8181642105551148,1.131014726370122,1.2622895499046816,0.46684978092392615,1.6127354160753824,-0.9208519114026057,-0.6123928815982332,-0.4668497809239263,-1.6127354160753824,0.9208519114026058,0.6123928815982334,-0.5693840226870135,1.4376624084432672,1.3355347581057213,-0.652193513526813,-0.8226785208195221,5.603376188437539,0.5964671826899808,1.1708311389842798,1.0868296737058174,1.0974393089781278,-0.16424374429601088,-1.2922164806002485,-1.0197592178635557,1.6484757660882552,1.9678226113717336,-1.2174937587271377,-0.6479438030588953,-1.3594745989195482,-1.3300236371051486,-0.9057814427319083,-0.9953308165492072,-1.138578653480541,-0.9226526014522809,-0.9784564810893039,-1.1299698657467,-0.8899516439398523,0.04508850379576758,-0.82946489429557,-1.2151124072563295,-0.26586904863994887,-0.7569548984927409,0.9292024922775763,-0.929143750614835,-0.9359056063316961,0.9294204415338119,1.0395872830001927,0.9297943805884011,-0.9297354140528458,-0.9365739365832753,0.9300198485963307,1.0408744996820474,0.9138654516677449,-0.8770271102762863,-0.929089029849693,0.8986731838420713,1.051890472182764,0.9146299517638523,-0.8855635336455111,-0.9301462111668094,0.90316598681245,1.05251900266877,-0.1625768768873051,-0.8117662025668971,0.42920573548796165,0.8947816463672484,0.36176173030240016,-0.119323009359373
Cl,-1.0574369670263952,-1.0540036996412123,-1.1131958815256706,1.500428713455684,-0.5430857284724436,1.8181642105551148,1.3359232558368228,1.7544666679867822,0.46684978092392615,2.1610654575410124,-0.9208519114026057,-0.6123928815982332,-0.4668497809239263,-2.1610654575410124,0.9208519114026058,0.6123928815982334,-0.4318907217540699,1.9131538664887058,1.8684946381009622,-1.727793991791832,-0.4942908445779749,-1.0002343446079636,1.3411297651633214,2.5455753492610964,1.4429661200468904,1.5213915554570763,0.020545537751179045,-1.4501311144116205,-1.1051577730541,1.569991576328639,0.9494308740883793,-1.1664520968322885,-0.7824368496658429,-1.445932165481478,1.7421764801616202,-0.9716423688501394,-0.9953308165492072,-1.3253601523088623,-0.9814229883420169,-1.2068713164155667,-1.4273214254625959,-1.255357611311208,-0.09482899607840009,-0.7267745084901923,-1.213230950734654,-1.0244459178208525,-0.7601041437772372,0.919769399301221,-0.9197182424960689,-0.925868497057474,0.9199798336974069,1.0181031174567163,0.9203617708157702,-0.9203110235431808,-0.9265589866761367,0.9205820020061026,1.019603888920826,0.9049991322757535,-0.8693333048408846,-0.9193542027716737,0.8902953027300401,1.0293407625616575,0.9057440743355163,-0.8776288392652709,-0.9203739562704802,0.8946580647178878,1.0298943991657605,-0.1561247468666631,-0.8117662025668971,-0.4498903492464176,-0.28849640051468683,0.36176173030240016,-0.11949185713690506
Ar,-0.9871545964984204,-1.0137021636675267,-1.1131958815256706,1.6765840182122216,-0.5430857284724436,1.8181642105551148,1.5408317853035234,2.246643786068883,0.46684978092392615,2.709395499006642,-0.9208519114026057,-0.6123928815982332,-0.4668497809239263,-2.709395499006642,0.9208519114026058,0.6123928815982334,-0.2943974208211263,2.3886453245341444,2.401454518096203,-1.727793991791832,-0.177518166531466,-1.0603810819108448,2.138452180512903,-1.5567500760534134,1.9173907432083905,1.9838849152522935,0.2501322215067786,-1.590499677799507,-1.1620901431811295,2.1193809046459533,0.7599626438961278,0.6200060694874326,-0.4327549284877798,0.052665654925306095,2.262468435505186,-0.8838278006924979,-1.6636747181547091,-1.4703904925755584,-1.0329730134138713,-1.301100448668964,-1.5210619234243568,-1.2556104335782698,-0.07049551783941438,-0.8654150161361964,-1.2308837165492748,-1.6053813682695193,-0.7599973527606696,0.9095240885805495,-0.9094806668274724,-0.9148303853036475,0.9096981105659181,0.9954816593300124,0.9101146892961203,-0.9100718777815585,-0.9155251034321663,0.9102990698721324,0.9970484460363335,0.895363481494737,-0.8609611130393805,-0.9086437594064499,0.8811608687487348,1.0056165469306024,0.896087192724487,-0.868996268908395,-0.9096226962096152,0.8853826904153009,1.0060930210965573,-0.1625509051160892,-0.8117662025668971,-0.010342306879227953,0.3031426229262815,0.36176173030240016,-0.11946013855722742
K,-1.000439345066396,-0.9734006276938412,-0.4225269039367507,-1.3180561626489158,-1.5922286130214824,-0.5778661444399978,-1.7718561077414703,-1.6907731585879224,-1.8673991236957053,-0.5805847497871376,-0.9208519114026057,-0.6123928815982332,1.8673991236957053,0.5805847497871375,0.9208519114026058,0.6123928815982334,-1.2568505273517316,-0.9397948817839257,-1.3292646418704832,-1.1899937526593225,-1.797282460275947,-0.5278318453749171,-1.1224879801731038,-0.2297741314527467,-1.2725742833037894,-1.0223219234166165,-0.6103418701835679,1.4274244350400496,1.6560621781068259,1.1775706275305573,0.9494308740883793,2.0236517715957847,1.9074240824731061,1.1285820388071002,1.3705393692019308,1.2456754771303093,1.7702301556114908,1.8323458925887508,2.477634068596737,-1.0313935956375562,-0.9343617981931385,-1.1038781776076851,0.06942198203475328,-0.7876079535689483,-0.8855282610718148,-1.173280620001916,0.47962937736614153,0.8985216131536963,-0.8984828988113522,-0.9048552228219925,0.898941939569926,0.9746616724476315,0.8991082918223167,-0.8990698260151169,-0.9055260165041905,0.8995360382912745,0.9761499807189634,0.8850083901902435,-0.8519480396398249,-0.898945725368983,0.8715890318284629,0.9838336586174236,0.8857093142538762,-0.8597051783269115,-0.8998890465860963,0.8756644949356353,0.9842435428683632,-0.16228376689786822,-0.8117662025668971,-0.4498903492464176,-0.28849640051468683,0.36140845801249466,-0.11949234404492641
Ca,-0.9851220940695198,-0.9330990917201556,-0.4225269039367507,-1.1419008578923784,-1.5922286130214824,-0.5778661444399978,-1.6352504214303365,-1.1985960405058218,0.46684978092392615,-0.5805847497871376,-0.9208519114026057,-0.6123928815982332,-0.4668497809239263,0.5805847497871375,0.9208519114026058,0.6123928815982334,-1.119357226418788,-0.4643034237384871,-0.7963047618752422,-0.652193513526813,-0.7561562584297551,-0.3899955723891476,-0.6163081874771397,-0.6536205222603253,-0.8909995193669258,-0.6754519035702037,-0.5948587682180988,0.5676669842892453,1.0298061067095026,0.18343755724208335,0.04945678067518312,1.2835476741204714,0.7238852723319688,0.4657406951656378,0.4290586881040496,0.6529271420662293,0.8483764982245913,0.7951592167420748,0.7481055401273601,-0.20261525838616112,-0.48520150352527147,-0.9818870137805737,-0.003578452682203764,-0.36625487303461857,-0.5401398801052254,-0.7507821105847037,1.6613530981152471,0.8867140190026541,-0.8866804481161578,-0.8941484881406607,0.8873925639616146,0.9531116916813757,0.8872982070980099,-0.8872652539344312,-0.8948378733842084,0.8879873747422392,0.9546585099714001,0.8738874793489264,-0.8422542420623308,-0.8885294171100092,0.8612972870306359,0.9613118205592471,0.874563969074063,-0.8497149338942178,-0.8894350443271696,0.865216637408931,0.9616552016740718,-0.1625935730259439,-0.8117662025668971,0.8687537778551513,1.4864206698082165,0.3561154125064753,-0.11947335463209309
Sc,-0.9088577562006094,-0.89279755574647,-0.4225269039367507,-0.9657455531358409,0.5060571560765953,-0.5778661444399978,-1.4986447351192027,-0.7064189224237211,0.46684978092392615,-0.5805847497871376,-0.6850916328808543,-0.6123928815982332,-0.4668497809239263,0.5805847497871375,0.6850916328808544,0.6123928815982334,-0.9818639254858443,-0.4643034237384871,-1.3292646418704832,-0.11439327439430338,-0.6537330925280507,-0.43385256833916525,-0.4882853942102281,-0.5061007463788527,-0.6925806421197568,-0.5983696769376677,-0.5903790280472578,0.3922062800543877,0.1758205548040614,-0.4705973574213859,-0.542631438675604,0.28823526717091325,0.6969866630105785,0.22558078804916598,-0.1903364968287664,0.5212052898297668,0.3874496695311418,0.5314676889844456,0.3283170623435307,0.5473717126102671,0.35108037107733187,-0.7272967588370369,-0.021828561361443042,0.011238379909447517,0.21667600573876497,0.2094417744544148,-0.5689082682985364,0.8740848603686758,-0.8740581169846428,-0.8813157579469594,0.8748166035365729,0.9292144367604999,0.8746645882255265,-0.874638323303032,-0.8819825980539555,0.8754044931128372,0.9306727365706289,0.8619846569582955,-0.8318655168006641,-0.8760720562776305,0.8500826088677341,0.936364771078141,0.8626350413935145,-0.8390105998578573,-0.8769321172639322,0.8538326613831345,0.9366340151860267,-0.1576273993441559,-0.6876652543327492,-0.8894383916136072,-0.9038009848932931,0.36176173030240016,-0.11949358145376059
Ti,-0.8633439293102391,-0.8524960197727844,-0.4225269039367507,-0.7895902483793034,0.5060571560765953,-0.5778661444399978,-0.4057992446301326,-0.2142418043416204,0.46684978092392615,-0.5805847497871376,-0.44933135435910276,-0.6123928815982332,-0.4668497809239263,0.5805847497871375,0.4493313543591029,0.6123928815982334,-0.8443706245529008,-0.4643034237384871,-0.7963047618752422,0.42340696473820616,-0.5946021926260356,-0.4576606518548891,-0.412151384205859,-0.5983271615627981,-0.45091662495974316,-0.5212874503051316,-0.5850593365943841,0.25183771666650123,-0.05190892570405578,-0.18282199496945936,-0.2821126221612577,-0.222181351777579,0.2935075231897365,0.062272051209965186,-0.5371978003911436,0.30166886943566323,-0.07347715916230822,0.3271067549722828,0.05965243656187978,0.6745062561267556,0.633356523113077,-0.4532586371964245,-0.07049551783941438,0.10289591434730526,0.7190248970261373,0.6511447615724093,-0.49505053575171726,0.8605936856280627,-0.8605740474581797,-0.8672028339304904,0.8613123573199323,0.9040293927025734,0.8611665326222598,-0.8611469446980086,-0.8678227556897743,0.861888285875863,0.9052404652043201,0.849260052463011,-0.8207428185236891,-0.8623644422190831,0.838024421143518,0.9100887243489025,0.8498825869432995,-0.8275527112230325,-0.8631744615542953,0.8415936787012104,0.9102810364472129,-0.16154171629169892,-0.5635643060986013,0.8687537778551513,1.2588671992539986,0.36176173030240016,-0.11949279782995313
V,-0.8152752468667406,-0.8121944837990989,-0.4225269039367507,-0.6134349436227658,0.5060571560765953,-0.5778661444399978,-0.30334497989678233,-0.2142418043416204,0.46684978092392615,-0.5805847497871376,-0.2135710758373513,-0.6123928815982332,-0.4668497809239263,0.5805847497871375,0.2135710758373514,0.6123928815982334,-0.7068773236199571,-0.4643034237384871,-0.2633448818800014,0.9612072038707157,-0.6125526443820049,-0.4501423096920289,-0.43553988915468805,-0.20198841523617073,-0.2601292429913112,-0.4698992992167741,-0.5791796776201554,0.16410736454907218,-0.36503696140271774,-0.3659517710752307,-0.447897323579478,-0.4263479993569753,0.024521429975841343,-0.08182389305991783,-0.7106284521723321,0.14799337515979036,-0.18870886633567022,0.160102120725784,-0.12505449366300508,0.9202284830913974,0.6910525278148887,-0.1756845397927073,-0.08874562651865367,0.4729207755964347,0.8695414187601813,0.8623940162810154,-0.38850167568417493,0.8740848603686758,-0.8740581169846428,-0.8813157579469594,0.8748166035365729,0.9292144367604999,0.8467819122919983,-0.8467688596195653,-0.8523922611363504,0.8474252462820963,0.8784276113156795,0.835691547732719,-0.8088637645707791,-0.8474360014886115,0.8251075947178437,0.8825748571834215,0.8362844563252718,-0.8153187342317804,-0.848191772901753,0.828484606138772,0.8826880452135871,-0.16173464944930296,-0.5635643060986013,-0.8894383916136072,-0.9256461180664989,0.35421317709929234,-0.11949349573145043
Cr,-0.7987869617781365,-0.7718929478254133,-0.4225269039367507,-0.4372796388662284,0.5060571560765953,-0.5778661444399978,-0.20089071516343202,-0.2142418043416204,-1.8673991236957053,-0.5805847497871376,0.25794948120615163,-0.6123928815982332,1.8673991236957053,0.5805847497871375,-0.2579494812061515,0.6123928815982334,-0.5693840226870135,-0.9397948817839257,0.2696149981152395,1.3806913903940732,-0.6083290086747181,-0.45139536671917224,-0.4297427383554057,-0.07298910231717895,-0.1074993374165659,-0.44420522367259535,-0.5730200348852491,0.07637701243164315,-0.3081045912756883,-0.5229201505944635,-0.4242137948054465,-0.5284313231466737,-0.10997161663110563,-0.07221749677525917,-0.512421992993831,-0.15935761339195534,-0.07347715916230822,0.2743684494207569,-0.19222065010841785,0.884972685309514,0.25181842750432254,0.015258151414945307,-0.11307910475763934,0.20134289578055983,0.3582556089948503,0.30066304353313106,0.3742912997993667,0.8309378378576897,-0.830934006173294,-0.8338659835983244,0.8312435713217666,0.8485538348011508,0.8314776931930938,-0.8314700557879886,-0.8341479564370117,0.8317472274913231,0.8479582063442168,0.8212575680888227,-0.7962091759856983,-0.8300174327162153,0.8111317744981181,0.85229670364092,0.821819046652243,-0.8022885313783117,-0.8307091899289727,0.8143016765988764,0.8523215493551222,-0.1620982542463259,-0.5635643060986013,0.42920573548796165,0.712738869923874,0.36176173030240016,-0.1194891211775469
Mn,-0.7527906500804132,-0.7315914118517277,-0.4225269039367507,-0.2611243341096909,0.5060571560765953,-0.5778661444399978,-0.09843645043008169,-0.2142418043416204,0.46684978092392615,-0.5805847497871376,0.25794948120615163,-0.6123928815982332,-0.4668497809239263,0.5805847497871375,-0.2579494812061515,0.6123928815982334,-0.4318907217540699,-0.4643034237384871,0.8025748781104803,1.3806913903940732,-0.4647253946269674,-0.50652987591348,-0.23912213941348393,-1.1331371891772732,0.01969225056238877,-0.35427595926796973,-0.56602044086831,-0.011353339685785507,0.03348962948648777,-0.6798885301136961,-0.35316320848335225,-0.4773896612518245,-0.21756605391666367,-0.28355821503775414,-0.3885429560072675,-0.3130331076678277,-0.07347715916230822,-0.11018169522578623,-0.3769275803333027,0.23006953257331672,-0.18865644710090618,0.05768986057220132,-0.09482899607840009,-0.12794528349618828,-0.19818515729069403,-0.2562668097895577,-0.665528711859785,0.8147329563860229,-0.8147351869935369,-0.8172362859999205,0.8150535878820264,0.8212662312825518,0.8152672490577763,-0.8152666785003411,-0.8176104296234186,0.8155684570608032,0.8206510125824961,0.8059360857151004,-0.7827478866427965,-0.8138040598258987,0.7966055603808059,0.8238896708122734,0.8064643047508285,-0.7884333915614998,-0.8144386080307267,0.799563438668096,0.8238388970179258,-0.1602060252005942,-0.5635643060986013,-0.8894383916136072,-0.9256461180664989,0.36176173030240016,-0.1194904295358356
Fe,-0.7385795494438812,-0.6912898758780421,-0.4225269039367507,-0.08496902935315338,0.5060571560765953,-0.5778661444399978,0.004017814303268625,-0.2142418043416204,0.46684978092392615,-0.5805847497871376,0.4937097597279031,-0.6123928815982332,-0.4668497809239263,0.5805847497871375,-0.493709759727903,0.6123928815982334,-0.2943974208211263,-0.4643034237384871,0.8025748781104803,1.3806913903940732,-0.36779295514473564,1.8316745367360285,-0.10535931013348976,-0.5336940784449409,0.0832880445518661,-0.3028878081796126,-0.5587408630906935,-0.09908369180321454,-0.36503696140271774,-0.8368569096329289,-0.4715808523535095,-0.6560354778837968,-1.2128145988080745,-0.3892285741690021,-0.6858526447750196,-0.3130331076678277,-0.07347715916230822,-0.22225059452277862,-0.46088527589006856,0.5409615675590156,0.3002086249961646,0.13371333947895198,-0.11916247431738576,-0.009129961076743024,0.3831849079070514,0.4014865514622385,0.21083566219575064,0.7975802369535204,-0.7975897963957426,-0.7979155321071668,0.7976392440274168,0.7912773590151342,0.79811952977258,-0.798127567075801,-0.7984116996502267,0.7981739233592723,0.7913665717826236,0.7897059142552323,-0.7684663463777591,-0.7950175371845521,0.7809701803943012,0.7927112116408641,0.7901990239114549,-0.7737371964727439,-0.7955849327941653,0.7837010155037003,0.7925758303171863,-0.16219843107815876,-0.3153624096303055,0.42920573548796165,0.5567022044009812,0.36176173030240016,-0.11919548582996732
Co,-0.6903279417817817,-0.6509883399043566,-0.4225269039367507,0.0911862754033841,0.5060571560765953,-0.5778661444399978,0.10647207903661894,-0.2142418043416204,0.46684978092392615,-0.5805847497871376,0.7294700382496546,-0.6123928815982332,-0.4668497809239263,0.5805847497871375,-0.7294700382496545,0.6123928815982334,-0.15690411988818265,-0.4643034237384871,0.2696149981152395,1.3806913903940732,-0.369693591213015,-0.5391093586192074,-0.11147059225687118,-0.08177498405542664,0.13416467974344795,-0.2514996570912551,-0.5506213340310442,-0.16926797349715778,-0.336570776339203,-0.7322113232867736,-0.542631438675604,-0.6560354778837968,-0.10997161663110563,-0.4756861407309318,-1.0574897557347092,-0.44475495990429015,-0.18870886633567022,-0.32333234682987,-0.5364472018911579,0.4982272672173388,0.37465508267592157,0.3175840791603952,-0.13132921343687862,0.15313782211324223,0.5097128589897322,0.4350943874386077,0.4505705973477208,0.7794598878818887,-0.7794767508732087,-0.777185390272508,0.7791856549074082,0.7600706976163967,0.780002342085383,-0.7800186586506185,-0.7777577020317061,0.7797318290603046,0.7607299561133704,0.7725452686300329,-0.753338854705244,-0.774855460443313,0.7643773037559827,0.760296308633291,0.7730014010880097,-0.7581750944579604,-0.775351198257859,0.766869361577502,0.7600746950614571,-0.15577227282873268,-0.19126146139615757,-0.8894383916136072,-0.9821421521351322,0.36176173030240016,-0.11949284751444511
Ni,-0.6940771270313999,-0.610686803930671,-0.4225269039367507,0.2673415801599216,0.5060571560765953,-0.5778661444399978,0.20892634376996927,-0.2142418043416204,0.46684978092392615,-0.5805847497871376,0.9652303167714059,-0.6123928815982332,-0.4668497809239263,0.5805847497871375,-0.9652303167714059,0.6123928815982334,-0.01941081895523903,-0.4643034237384871,-0.2633448818800014,1.3806913903940732,-0.42248903755409956,-0.5228196172663436,-0.18035102441386222,0.3605681932087477,0.18504131493502954,-0.21295854377498696,-0.5416618536893623,-0.2219061847676152,-0.47890170165677665,-0.8630183062194677,-0.8978843702860764,-0.579472985041523,-1.105220161522517,-0.32198380017638967,-0.661076837377707,-0.488662243983111,-0.18870886633567022,-0.41562438154504044,-0.595217588780894,0.4533562518585781,0.2878008820495384,0.3175840791603952,-0.11916247431738576,0.24004274365432202,0.48102064703417985,0.4590999845645856,0.3379678247763409,0.7603511692818018,-0.7603752901396551,-0.7549966099733911,0.7596672753084844,0.7276327502966966,0.7608945156165937,-0.7609187723782874,-0.7556140635156349,0.7602188688275603,0.7287111662627891,0.7544324355557783,-0.737342384570915,-0.7532692040291897,0.7468004658901238,0.7266334075262256,0.7548497097573358,-0.7417241059271655,-0.7536886648684024,0.7490419735495701,0.72632398423255,-0.16183853653416666,0.05694043507213825,0.8687537778551513,0.8184411272135753,0.36176173030240016,-0.11947726314546189
Cu,-0.6182085017507621,-0.5703852679569854,-0.4225269039367507,0.4434968849164591,0.5060571560765953,-0.5778661444399978,0.31138060850331956,-0.2142418043416204,-1.8673991236957053,-0.5805847497871376,1.4367508738149088,-0.6123928815982332,1.8673991236957053,0.5805847497871375,-1.4367508738149088,0.6123928815982334,0.11808248197770459,-0.9397948817839257,-0.7963047618752422,1.19783930908902,-0.40453858579813085,-0.5290849024020605,-0.1556203219893373,0.42562852763844167,0.14688383854134343,-0.16157039268662948,-0.5324223895870028,-0.29209046646155845,0.005023444422973038,-0.5229201505944635,-0.495264381127541,-0.6049938159889476,-1.7238881759144753,-0.45647334816161406,-0.6363010299803943,-0.3130331076678277,-0.18870886633567022,-0.301358052850068,-0.6036133583365706,0.0580639736980675,0.18667777703453522,0.3281920064497093,-0.15566269167586427,-0.060050813542219555,0.15129539161053968,0.017396997446591095,4.095025924657975,0.7402196662853292,-0.7402525389310711,-0.7291788055048386,0.7387108205688471,0.6917770284877001,0.7407615283403484,-0.7407947143130142,-0.7297983135217077,0.7392596782324521,0.6931075537880551,0.7353349097797782,-0.7204492742378902,-0.728239100215727,0.7279217599191474,0.689479705584521,0.7357114158137136,-0.7243547038129612,-0.7285682282174569,0.7298952516613517,0.6890698516210815,-0.16197210564327713,-0.19126146139615757,-0.4498903492464176,-0.492509856873641,0.36176173030240016,-0.11949341987979267
Zn,-0.5895345828691958,-0.5300837319832998,-0.4225269039367507,0.6196521896729966,0.5060571560765953,-0.5778661444399978,0.4821377163922368,-0.2142418043416204,0.46684978092392615,-0.5805847497871376,1.4367508738149088,-0.6123928815982332,-0.4668497809239263,0.5805847497871375,-1.4367508738149088,0.6123928815982334,0.2555757829106482,-0.4643034237384871,-1.3292646418704832,0.6600390699565105,-0.07826272741022677,-0.6330886356549592,0.3206598801310176,-1.225390207124979,-0.1838142902039384,-0.22580558154707633,-0.5223429742026107,-0.3447286777320159,-0.1942398510216294,-0.49675875400792474,-0.5663149674496355,-0.27322301367242824,-1.7507867852358647,-0.6101756887161561,-0.5619736077884563,-0.5325695280619318,-0.18870886633567022,-0.5782341569955788,-0.6288006670036004,-0.6506843974686427,-0.8437852746827675,0.004650224125631187,-0.14957932211611785,-0.4489503374385524,-0.7188782496644028,-0.9764347235688966,0.644295797470525,0.7190858454497265,-0.7191242741206529,-0.7060419091648807,0.7173334366800089,0.6590063217534055,0.7196229080503246,-0.7196620093356031,-0.7066827906014446,0.7178813706494793,0.6604145319965589,0.7152629232948903,-0.7026487666092046,-0.7056252481332598,0.7085874757421546,0.6555146774694816,0.715596805455688,-0.7060621483969032,-0.7058778359230841,0.7102925240598099,0.6550252097206966,-0.16246927954941054,-0.06716051316200966,0.8687537778551513,0.8947816463672484,0.36176173030240016,-0.11949317543209216
Ga,-0.5216333671098483,-0.48978219600961426,-0.4225269039367507,0.795807494429534,-0.5430857284724436,-0.5778661444399978,0.652894824281154,0.27793531374048025,0.46684978092392615,-0.032254708321507654,1.4367508738149088,-0.6123928815982332,-0.4668497809239263,0.03225470832150753,-1.4367508738149088,0.6123928815982334,0.39306908384359185,0.011188034306951455,-0.2633448818800014,0.12223883082400078,-0.7825539816002979,-0.377465002117714,-0.648835058217941,-0.2942066041869337,0.027323745841126047,-0.09733520382618265,-0.46970602719522925,-0.4500051002729303,-0.336570776339203,-0.8106955130463901,-0.8505173127380133,-0.4263479993569753,-0.45965353780916873,-0.7830908218400159,-0.512421992993831,-0.5325695280619318,-0.3039405735090327,-0.16292000077731217,-0.4860725845570984,-1.0671301542982834,0.08493428487220069,-0.21281228530530638,-0.16174606123561072,-0.5665435593988262,-0.04437608664371777,-0.2322612126635797,-0.26863420810818983,0.6969645851760792,-0.6970074158862585,-0.6830703159902226,0.6951508699638591,0.6264837190413993,0.6974945959331433,-0.6975378607417649,-0.6836772531587744,0.6956877333266014,0.6278076846991851,0.6942315564243854,-0.6839569759404056,-0.6831715757860359,0.6884865158985151,0.6218909268686588,0.6945210594956208,-0.6868607360511135,-0.6833507821256294,0.689916470364444,0.6213278605005532,-0.16213535677663438,0.05694043507213825,-0.4498903492464176,-0.5556882175525438,0.36176173030240016,-0.11949358026133278
Ge,-0.47618348587281806,-0.4494806600359287,-0.4225269039367507,0.9719627991860715,-0.5430857284724436,0.6201490330575585,0.8236519321700712,0.7701124318225809,0.46684978092392615,0.5160753331441222,1.4367508738149088,-0.6123928815982332,-0.4668497809239263,-0.5160753331441225,-1.4367508738149088,0.6123928815982334,0.5305623847765355,0.48667949235239,0.2696149981152395,0.42340696473820616,-0.369693591213015,-0.5403624156463507,-0.1062160319264872,0.42516917188751585,0.33003972523103786,0.22384074047605132,-0.4016699733505821,-0.6430118749312742,-0.4504355165932619,-0.5229201505944635,-0.5899984962236671,-0.9367646183054675,0.18591308590417843,-0.9175803698252399,-1.082265563132022,-0.5764768121407526,-0.4191722806823952,-0.5232984220460724,-0.6539879756706302,-0.08680530446021709,0.34983959678266924,-0.31535558243534206,-0.1921629090343428,1.5619480736580929,0.29522681551871915,0.20464065502921922,-0.03495318546005727,0.6738248743801741,-0.6738721281802246,-0.6591397382750555,0.6719564234034708,0.5934010471135802,0.6743457813175736,-0.6743928363925377,-0.6596854009044113,0.6724767086441803,0.5945150399822131,0.6722080098960646,-0.6643395051890862,-0.6597613780309453,0.667426241515888,0.5877306968624372,0.6724513657182456,-0.6667168792443287,-0.6598656943852005,0.6685722332047681,0.5870972452861999,-0.16226521563271398,0.18104138330628616,0.42920573548796165,0.3031426229262815,0.13198377079979343,-0.11949355336546111
As,-0.4403553147878623,-0.4091791240622431,-0.4225269039367507,1.1481181039426092,-0.5430857284724436,0.6201490330575585,0.9944090400589883,0.7701124318225809,0.46684978092392615,1.0644053746097522,1.4367508738149088,-0.6123928815982332,-0.4668497809239263,-1.0644053746097524,-1.4367508738149088,0.6123928815982334,0.668055685709479,0.9621709503978286,0.8025748781104803,-0.11439327439430338,-0.000125466825421482,-0.5403624156463507,0.43329023851707615,0.045037459249364115,0.606045471145369,0.6092518736387319,-0.3126351374551179,-0.836018649589618,-0.5358340717838062,-0.9153410993925454,-0.9452514278341394,-0.9112437873580429,-0.5134507564519477,-1.0520699178104644,-0.6115252225830816,-0.598430454180163,-0.6496356950291202,-0.7188696384663146,-0.8051118276728088,-0.22611912357408337,-1.0230771602615156,-0.24286807929169613,-0.18607953947459638,0.934603171283422,-1.0977095203037752,-0.15544330186045024,-0.15482065303604237,0.6496547595424921,-0.6497063823895609,-0.6342162968530395,0.6477348017475814,0.5597007392656306,0.6501643556159147,-0.6502148133359513,-0.6346880272939,0.6482353257212355,0.5604806562221243,0.6491779442759325,-0.6437778715207295,-0.6353611483736142,0.6453877624170157,0.5529768860795451,0.6493734204698541,-0.6456128095071794,-0.6353891972670658,0.6462412806977256,0.5522762988489276,-0.16189419032962934,0.3051423315404341,-0.8894383916136072,-1.0414915212577365,0.36176173030240016,-0.1194935906089563
Se,-0.37704427124467566,-0.36887758808855753,-0.4225269039367507,1.3242734086991466,-0.5430857284724436,1.8181642105551148,1.1651661479479056,1.2622895499046816,0.46684978092392615,1.6127354160753824,1.4367508738149088,-0.6123928815982332,-0.4668497809239263,-1.6127354160753824,-1.4367508738149088,0.6123928815982334,0.8055489866424227,1.4376624084432672,1.3355347581057213,-0.652193513526813,-0.011740465020460259,-0.6518844910621097,0.4229524622149073,1.1254299611282532,0.8896827123384381,0.8661926290805193,-0.21184098361119613,-1.0290254242479615,-0.6212326269743503,2.0147353182997985,2.370442600530269,-0.8346812945157691,-0.37895770984500077,-1.1769530695110295,-1.0079381409400838,-0.5764768121407526,-0.6496356950291202,-0.9012562784986746,-0.8470906754511918,-0.8671336286992358,-0.9808908342429866,-0.409058940157616,-0.1921629090343428,-0.4915880645696447,-1.0838808148694599,-0.5155272587501197,-0.7539158344158143,0.6244417471794337,-0.6244976627858617,-0.6082518871174301,0.6224678748955894,0.5253300361058791,0.6249486244544924,-0.6250044918257202,-0.6088141161221878,0.6229793154868529,0.526422535982225,0.6251263504663742,-0.6222526997313679,-0.6099218684460144,0.6223491448322779,0.5175753023635448,0.6252722569453797,-0.6235299431635353,-0.6098723090369488,0.6229020348177524,0.5168108396243131,-0.16050284544306193,-0.06716051316200966,0.8687537778551513,0.8947816463672484,0.09816625244986937,-0.11949357221244508
Br,-0.3624571576587971,-0.32857605211487195,-0.4225269039367507,1.500428713455684,-0.5430857284724436,1.8181642105551148,1.3700746774146062,1.7544666679867822,0.46684978092392615,2.1610654575410124,1.4367508738149088,-0.6123928815982332,-0.4668497809239263,-2.1610654575410124,-1.4367508738149088,0.6123928815982334,0.9430422875753663,1.9131538664887058,1.8684946381009622,-1.727793991791832,0.3483244790257381,-0.7421045970164316,1.0116345635765216,2.3234950683232776,1.2089335981656137,1.1873685733827533,-0.0830484536995183,-1.186940058059334,-0.6781649971013798,1.962412525126721,2.3230755429822056,-0.7836396326209198,-0.5134507564519477,-1.2634106360729596,2.1138135911213105,-0.5764768121407526,-0.6496356950291202,-1.0484840481633513,-0.9058610623409278,-1.1066593821143345,-1.369377265901852,-0.7043129163768566,-0.09908735477022258,-0.5871834782648327,-1.1885932775833126,-1.0676559926476128,-0.7587347487688691,0.5981730490046774,-0.5982331672814403,-0.5812010453010371,0.5961376132185143,0.4902489401014073,0.5986752128182825,-0.5987358605445494,-0.5817983722068798,0.5966498760417137,0.491515058060243,0.6000377760612913,-0.5997438705672302,-0.5833966863844385,0.5982881860488382,0.4814847853720788,0.6001324736151302,-0.6004490361438375,-0.5832682339321357,0.5985326986249777,0.4806597869125155,-0.1614118574356193,0.05694043507213825,-0.4498903492464176,-0.5556882175525438,0.36176173030240016,-0.1194935888733114
Kr,-0.3015758925961908,-0.2882745161411864,-0.4225269039367507,1.6765840182122216,-0.5430857284724436,1.8181642105551148,1.5749832068813068,2.246643786068883,0.46684978092392615,2.709395499006642,1.4367508738149088,-0.6123928815982332,-0.4668497809239263,-2.709395499006642,-1.4367508738149088,0.6123928815982334,1.0805355885083099,2.3886453245341444,2.401454518096203,-1.727793991791832,0.6967744248768977,-0.8160349616178897,1.6358420619544274,-1.2250446159559236,1.5663419603864763,1.5213915554570763,0.06534293945958876,-1.2922164806002485,-0.792029737355438,1.5438301797421001,0.9020638165403169,0.951776871803952,-0.0561743979883266,0.3792831286037081,2.8075361982460647,-0.6642913802983943,-1.2718869137652768,-1.171540094450245,-0.9562356796749872,-1.2666993368939143,-1.5001548765592916,-1.2552639079534857,-0.23596316986451704,-0.8348625046569106,-1.218738914701859,-1.6053813682695193,-0.7600970001604828,0.5708356940029399,-0.5708999126815967,-0.5530220663020899,0.5687263909589538,0.45442674843349573,0.5713310788736744,-0.5713960080694143,-0.5536234911446137,0.5692333613851566,0.45573854297674354,0.5738964271987897,-0.5762305869169823,-0.5557422297385537,0.5731827043060856,0.44467394862334875,0.57393833644575,-0.5763502589233609,-0.5555336883722897,0.5731115548471687,0.44379188105563855,-0.158035527177549,0.18104138330628616,1.3083018202223409,1.1906011580877334,0.36176173030240016,-0.11949357787647716
Rb,-0.2754691806286665,-0.2479729801675008,0.26814207365216913,-1.3180561626489158,-1.5922286130214824,-0.5778661444399978,-1.7377046861636867,-1.6907731585879224,-1.8673991236957053,-0.5805847497871376,-0.9208519114026057,-0.6123928815982332,1.8673991236957053,0.5805847497871375,0.9208519114026058,0.6123928815982334,-1.2568505273517316,-0.9397948817839257,-1.3292646418704832,-1.1899937526593225,-0.6621803639426243,0.2553287965896823,-1.169207875284562,-0.23876474836991676,-1.3081879279378967,-1.0351689611887058,-0.6138416671920375,1.8134379843567365,2.083054954059546,1.5438301797421001,1.2810002769248203,2.380943404859729,2.3109032222939483,1.5224442864781136,1.7174006727643076,1.6188873918002868,2.1159252771315775,2.1070245673362815,2.805069081268124,-1.0574081009705518,-0.9802704470956554,-0.9854229895436784,-0.1660044199274332,-0.7972489683024119,-0.9215299316140764,-1.1924850977026982,-0.05553648797310516,0.5424838715134679,-0.5425492301060034,-0.5270695836337741,0.5408182188420633,0.42037738299768046,0.5429705444782698,-0.5430362890818404,-0.5276298201381526,0.541311447267766,0.4216118083936018,0.5467487358841041,-0.5517422011163341,-0.5301737016629743,0.5475355709254905,0.40979603275468063,0.5467364302140598,-0.5512659034369088,-0.5298978180607309,0.5471505884762567,0.4088716094277444,-0.162602848658521,0.18104138330628616,-0.8894383916136072,-1.0280451798158963,0.36176173030240016,-0.11949359043340443
Sr,-0.2418203211865141,-0.20767144419381522,0.26814207365216913,-1.1419008578923784,-1.5922286130214824,-0.5778661444399978,-1.601098999852553,-1.1985960405058218,0.46684978092392615,-0.5805847497871376,-0.9208519114026057,-0.6123928815982332,-0.4668497809239263,0.5805847497871375,0.9208519114026058,0.6123928815982334,-1.119357226418788,-0.4643034237384871,-0.7963047618752422,-0.652193513526813,-0.17118271297053606,-0.017837635327569976,-0.7357637628140773,-0.6259208819253842,-0.9813055468319836,-0.7396870924306506,-0.6025863200127994,1.0063187448763902,1.542197437852767,0.6543426957997819,0.4757602986077497,1.5642768145421426,1.369451896045316,0.6674750171434741,0.8750232212556778,1.0700463408150265,1.3093033269180407,1.115983908847191,1.1511024787998363,-0.27740028398409555,-0.5472402182584023,-0.7909443225729212,-0.20432964815383567,-0.3825495458235709,-0.583883744234182,-0.817997782537442,-0.3328056806488688,0.5130773199506816,-0.5131440538490644,-0.5002165558224209,0.51187725239093,0.385797924880127,0.5135564671455176,-0.5136239242118299,-0.5008043646165219,0.5123685523478346,0.38707737554881677,0.5185531579014265,-0.5262376973892429,-0.5036915854709316,0.5208717826224746,0.37442519310710837,0.5184852540657109,-0.5251554640352134,-0.5033482926112774,0.5201679720980462,0.37346315094094434,-0.1624507282842563,0.3051423315404341,0.42920573548796165,0.24935725715892065,0.36176173030240016,-0.11949358499792101
Y,-0.22171668331591798,-0.16736990822012965,0.26814207365216913,-0.9657455531358409,0.5060571560765953,-0.5778661444399978,-1.4644933135414193,-0.7064189224237211,0.46684978092392615,-0.5805847497871376,-0.6850916328808543,-0.6123928815982332,-0.4668497809239263,0.5805847497871375,0.6850916328808544,0.6123928815982334,-0.9818639254858443,-0.4643034237384871,-1.3292646418704832,-0.11439327439430338,-0.018075918581390203,-0.08800882884759788,-0.5865799412601298,-0.39556151549024543,-0.7816147537050248,-0.6754519035702037,-0.5991145213803978,0.8834962519119899,0.6882118859473264,-0.07817640862330413,-0.18737850706513168,0.7220893932771311,0.9659727562244738,0.40810231745768455,0.18130061413092344,0.9602781306179745,0.9636082053979538,0.8017515049360159,0.7397097705716833,0.5281412774565125,0.6643758804796425,-0.4656345523672909,-0.20432964815383567,-0.17207668896626796,0.4462137013831823,0.4254921485882165,-0.551957313287791,0.482612223324783,-0.4826812833099687,-0.4711071328207193,0.48168160115372805,0.34979027124051004,0.48308211461885364,-0.4831517536851174,-0.47166448911924896,0.4821605330440726,0.35099617887206436,0.4893044268257423,-0.49970895750269156,-0.47511304263875526,0.493011535283509,0.33770044892731016,0.4891796434150413,-0.4980103858575026,-0.47469696035441017,0.49198091592885274,0.3367006876966884,-0.16243588727213293,0.3051423315404341,-0.8894383916136072,-1.0414915212577365,0.36176173030240016,-0.1194935912449178
Zr,-0.185473100003763,-0.12706837224644407,0.26814207365216913,-0.7895902483793034,0.5060571560765953,-0.5778661444399978,-0.3716478230523492,-0.2142418043416204,0.46684978092392615,-0.5805847497871376,-0.44933135435910276,-0.6123928815982332,-0.4668497809239263,0.5805847497871375,0.4493313543591029,0.6123928815982334,-0.8443706245529008,-0.4643034237384871,-0.7963047618752422,0.42340696473820616,0.005154077808686882,-0.1381311099333323,-0.46760984160589086,-0.2940613431670723,-0.5272315777471157,-0.5983696769376677,-0.5954187357394539,0.778219829371075,0.2896852950581203,-0.5490815471810023,-0.6136820249976985,0.18615194338121477,0.9117641663898991,0.30243195832643704,-0.2646639190207044,0.6309735000268188,0.2722179623577793,0.5820085651379916,0.3367128318992071,0.8796308977668044,1.3095785137042026,-0.10496502453061383,-0.2225797568330749,0.20134289578055983,1.4763111470005466,1.3185003616745967,-0.485364275745577,0.45105841171387506,-0.45112998071941524,-0.44046511399445337,0.45032261528477996,0.3128144628773622,0.45151715693931943,-0.4515888737024663,-0.4409712194365747,0.45078482104024814,0.31383685813383094,0.45896919637181377,-0.472116658363295,-0.44499023670777205,0.4640048710461433,0.3000116717122868,0.45878630549404503,-0.4697927879924286,-0.4444986919973007,0.46264161205838533,0.29897643488977854,-0.16263920913822333,0.3051423315404341,0.42920573548796165,0.24935725715892065,0.27721793442759074,-0.11949358900580337
Nb,-0.1591697043396574,-0.08676683627275848,0.26814207365216913,-0.6134349436227658,0.5060571560765953,-0.5778661444399978,-0.2691935583189989,-0.2142418043416204,-1.8673991236957053,-0.5805847497871376,0.022189202684400163,-0.6123928815982332,1.8673991236957053,0.5805847497871375,-0.02218920268440006,0.6123928815982334,-0.7068773236199571,-0.9397948817839257,-0.2633448818800014,0.9612072038707157,0.13397496688093408,-0.1506616802047659,-0.43191310023099916,0.14853861728762385,-0.4127591485660568,-0.5469815258493103,-0.5912189793292906,0.6378512659831886,-0.023442740640541054,-0.5490815471810023,-0.6136820249976985,-0.1966605208301544,0.2935075231897365,0.23518718433382466,-0.46287037819920557,0.3894834375933044,0.04175454801105428,0.5732188475460701,0.1520059016743222,1.5377391230286275,1.53601982248013,0.25924047906916803,-0.22866312639282133,0.8463403603432625,1.9466752774194345,1.880231334422481,-0.11002170050764384,0.41840194091868455,-0.41847704727276014,-0.4068860806282969,0.4175624925476916,0.27388688557972113,0.41883932506521376,-0.41891179270200385,-0.4071489880835742,0.41797154172781137,0.274037052974052,0.42753268251509946,-0.4434443509543838,-0.4121184667845401,0.43366152173728784,0.26042609560327096,0.4272905621719392,-0.44048544691862074,-0.4115432586024846,0.4319565996463571,0.2593524645885509,-0.16246000391683343,0.3051423315404341,-0.8894383916136072,-1.0414915212577365,0.36176173030240016,-0.11949359255062625
Mo,-0.11158381939619318,-0.046465300299072906,0.26814207365216913,-0.4372796388662284,0.5060571560765953,-0.5778661444399978,-0.16673929358564857,-0.2142418043416204,-1.8673991236957053,-0.5805847497871376,0.25794948120615163,-0.6123928815982332,1.8673991236957053,0.5805847497871375,-0.2579494812061515,0.6123928815982334,-0.5693840226870135,-0.9397948817839257,0.2696149981152395,1.3806913903940732,0.22478313458759971,-0.1870003339919235,-0.3366741942427881,-0.008037198350296855,-0.336444195778684,-0.48274633698886343,-0.586459255397772,0.49748270259530214,0.20428673986757612,-0.6275657369406188,-0.684732611319793,-0.2987438446198528,0.09249999893199712,0.19676159919518954,-0.4380945708018929,0.16994701719920077,0.04175454801105428,0.4215962190854332,-0.0914714154402987,1.6969243918013737,1.45536949332706,0.547422503762199,-0.23474649595256775,1.2265493920854875,1.5515694078675686,1.5537552135091808,0.9106679476393809,0.3846249401991184,-0.3847026408612479,-0.3732257341845743,0.3838458813983806,0.23499593377914965,0.38504522537504665,-0.3851191308974739,-0.3733749707342558,0.38422510180858954,0.2346117634459774,0.394968647860649,-0.4136497819501929,-0.3789974749132678,0.40231874186870026,0.22087091482399623,0.3946662735783222,-0.4100513099697382,-0.3783427321952202,0.4002718892097402,0.21976708748123075,-0.16219101057209706,0.3051423315404341,1.3083018202223409,1.109923109436692,0.07099146091868062,-0.11949359193718839
Tc,-0.08098371359739172,-0.006163764325387328,0.26814207365216913,-0.2611243341096909,0.5060571560765953,-0.5778661444399978,-0.06428502885229825,-0.2142418043416204,0.46684978092392615,-0.5805847497871376,0.25794948120615163,-0.6123928815982332,-0.4668497809239263,0.5805847497871375,-0.2579494812061515,0.6123928815982334,-0.4318907217540699,-0.4643034237384871,0.8025748781104803,1.3806913903940732,0.2733549452213975,-0.20579618939907376,-0.2831005247873505,-0.18319894135471215,-0.28556756058710214,-0.43135818590050595,-0.5814195477055759,0.37466020963090185,0.517414775566238,-0.7322113232867736,-0.7794667264159189,-0.3753063374621261,0.024521429975841343,0.12951682520257715,-0.4380945708018929,0.016271522923327914,-0.18870886633567022,0.1381278267459815,-0.20901218921977097,1.221505300500219,1.6197720873698567,0.7772609283640032,-0.2590799741915535,0.6833936324537377,1.8431951687272792,1.644976482587897,-0.14755595803143717,0.3497274208234625,-0.34980638221114996,-0.34016298976127823,0.349281718238699,0.19666690149098529,0.35013981532836186,-0.35021623648423433,-0.3404487733113231,0.34967643690142325,0.19643427401855398,0.36127120988152234,-0.3827155559076064,-0.34624756621298713,0.3700569549243816,0.18187956190502086,0.3609077082009346,-0.37847579962859373,-0.34552104346652157,0.36767095245911535,0.18075689544959062,-0.158592065132176,0.429243279774582,-1.3289864339807969,-1.471774447396622,-2.657659550940792,-0.11949359245059481
Ru,-0.03153449296564793,0.03413777164829825,0.26814207365216913,-0.08496902935315338,0.5060571560765953,-0.5778661444399978,0.03816923588105207,-0.2142418043416204,-1.8673991236957053,-0.5805847497871376,0.7294700382496546,-0.6123928815982332,1.8673991236957053,0.5805847497871375,-0.7294700382496545,0.6123928815982334,-0.2943974208211263,-0.9397948817839257,0.8025748781104803,1.3806913903940732,0.29552903268465347,-0.21456758858907743,-0.2601118233419203,0.25922406725526514,-0.24741008419341573,-0.36712299704005913,-0.5760998562527022,0.28692985751347283,-0.336570776339203,-0.6537271335271576,-0.7084161400938244,-0.4263479993569753,0.024521429975841343,0.09109124006394162,-0.3637671486099551,-0.005682119116082493,-0.3039405735090327,0.179878985307606,-0.3601360412219496,1.368938636679004,1.0136538444271685,0.9363798377037137,-0.24204653942426346,0.6833936324537377,1.537458483955002,1.4817384221312468,0.6564036224782003,0.31367006758988,-0.3137526438106635,-0.30172202455334185,0.3128754507687242,0.1546566781899824,0.3140835015066782,-0.31416513380140126,-0.3021072048288378,0.31328272339187846,0.1551696581644626,0.3264091808572163,-0.3506259503310724,-0.3085777744348895,0.3360801498691335,0.1393027898393192,0.3259837904387459,-0.34573585567062154,-0.3077610792923706,0.33334132857658183,0.13814907886439304,-0.16219101057209706,0.429243279774582,1.7478498625895305,1.4516183743116888,0.36176173030240016,-0.11949359216573706
Rh,-0.002837122132978612,0.07443930762198384,0.26814207365216913,0.0911862754033841,0.5060571560765953,-0.5778661444399978,0.14062350061440237,-0.2142418043416204,-1.8673991236957053,-0.5805847497871376,0.9652303167714059,-0.6123928815982332,1.8673991236957053,0.5805847497871375,-0.9652303167714059,0.6123928815982334,-0.15690411988818265,-0.9397948817839257,0.2696149981152395,1.3806913903940732,0.32192675585519576,-0.22333898777908082,-0.23201134853160557,0.3414930677809304,-0.2219717665976248,-0.3157348459517019,-0.5702201972784735,0.19919950539604378,-0.0803751107675705,-0.6798885301136961,-0.7320996688678558,-0.4773896612518245,-0.10997161663110563,0.004633673502011894,-0.3885429560072675,-0.09349668727372412,-0.18870886633567022,0.07879723300051507,-0.44409373677871544,1.0014236537405834,0.9063268679388526,0.9363798377037137,-0.2396131916003649,0.513657457568816,1.0576870709277364,1.0640410321392302,1.055961847731484,0.27646648116719785,-0.2765512945449887,-0.2638349861200247,0.2755927686543797,0.1132018724245696,0.2768739470634559,-0.27695858597976186,-0.26427127409943124,0.2760017408240671,0.11399931350460396,0.29037975791571075,-0.3173462739904529,-0.27123254469972774,0.301140697631942,0.09728744117244562,0.28989190594779923,-0.31180750532070495,-0.27033380857151673,0.29805364411346874,0.09611426387744512,-0.13577400899247022,0.429243279774582,-0.8894383916136072,-1.0541469014382925,0.36176173030240016,-0.11949359266788165
Pd,0.05211079930064476,0.11474084359566941,0.26814207365216913,0.2673415801599216,0.5060571560765953,-0.5778661444399978,0.2430777653477527,-0.2142418043416204,-4.201648028315336,-0.5805847497871376,1.4367508738149088,-0.6123928815982332,4.201648028315336,0.5805847497871375,-1.4367508738149088,0.6123928815982334,-0.01941081895523903,3.3396282406250215,-0.2633448818800014,1.3806913903940732,-0.31161860023782156,-0.5704357842977914,0.018722562885633752,-0.17402773929314447,-0.1838142902039384,-0.03310001496573579,-0.5637805707828896,0.12901522370210056,-0.1942398510216294,-0.8891797028060066,-0.9215678990601078,-0.222181351777579,-1.105220161522517,-0.06261110049060008,-0.46287037819920557,-0.15935761339195534,-0.07347715916230822,-1.672553997189741,-0.7631329798944259,0.5612603602213121,0.5421596124553747,0.8656603224416202,-0.2408298655123142,0.24886902474833814,0.417991853558049,0.2094417744544148,0.10912993213127836,0.23808313992755584,-0.23817154348011535,-0.2221293914282655,0.23670194349181942,0.06920238142118126,0.23848497770289245,-0.23857416737889325,-0.22264549467001493,0.23711739135424523,0.07033262471586872,0.25315326787885456,-0.28285419350156604,-0.23036594350019343,0.2646522372293764,0.052812823996691544,0.2526025425652831,-0.27666425182738874,-0.22937354396578888,0.2612100708814506,0.05161441342736866,-0.16139330617046507,0.429243279774582,1.3083018202223409,1.0339908283533592,0.36176173030240016,-0.11949359232141513
Ag,0.07475287635859706,0.155042379569355,0.26814207365216913,0.4434968849164591,-1.5922286130214824,-0.5778661444399978,0.345532030081103,-0.2142418043416204,-1.8673991236957053,-0.5805847497871376,1.4367508738149088,-0.6123928815982332,1.8673991236957053,0.5805847497871375,-1.4367508738149088,0.6123928815982334,0.11808248197770459,-0.9397948817839257,-0.7963047618752422,1.19783930908902,0.35254811473302483,-0.2346165010233712,-0.19851352642540715,0.48943051754036004,0.17232215613713436,-0.2386526193191657,-0.5567809767659506,0.05883094200815733,0.4320162203756939,0.5758585060401654,0.40470971228565517,-0.1711396898827298,-0.8631326776300114,-0.12985587448321245,0.8006957990637398,-0.0276357611554929,0.3874496695311418,-0.09260226004194425,-0.5028641236684516,-0.0712072848355049,-0.03355966026807916,0.6004621402087693,-0.2438715502921874,-0.1788661359616648,-0.08256965403373134,-0.2418634515139709,4.434045024872883,0.1985432105531534,-0.19863201600249233,-0.1836605494518055,0.1973573673623037,0.027693147538664288,0.19893299780743218,-0.19902229648203193,-0.18413458405456454,0.19775626544834232,0.028728423224779562,0.21473555979752956,-0.24712059334982517,-0.19213379780658038,0.2275066582067383,0.010774825669854113,0.21412174846001553,-0.24028818545255456,-0.19106978820630421,0.2237236438531794,0.009574033797517948,-0.15087473882801533,0.9256470727111736,-0.4498903492464176,-0.7244409441027683,0.36176173030240016,-0.119493592620847
Cd,0.14577789200482394,0.19534391554304056,0.26814207365216913,0.6196521896729966,-1.5922286130214824,-0.5778661444399978,0.5162891379700202,-0.2142418043416204,0.46684978092392615,-0.5805847497871376,1.4367508738149088,-0.6123928815982332,-0.4668497809239263,0.5805847497871375,-1.4367508738149088,0.6123928815982334,0.2555757829106482,-0.4643034237384871,-1.3292646418704832,0.6600390699565105,0.7052216962914712,-0.3511508045477036,0.2063160781589647,-1.3171554594994541,-0.27284840178920666,-0.2386526193191657,-0.5495013989883339,-0.011353339685785507,0.2896852950581203,0.0526305743093899,-0.06896086319497442,0.16063111243379016,-1.239713208129464,-0.28355821503775414,-0.11600907463682839,-0.04958940319490331,0.2722179623577793,-0.316740058635929,-0.5616345105581877,-0.7561312835617303,-0.931259862456482,0.2733843821215867,-0.24691323507206062,-0.525671088486537,-0.792866527379294,-1.0676559926476128,0.41182555732315995,0.1578312335648098,-0.1579200547272607,-0.14448821983282117,0.1569120692466323,-0.014102752622262717,0.15821051003250672,-0.1583001340315714,-0.14498430308153495,0.1573055230242548,-0.013011769956943989,0.17511117927131906,-0.21013031649301298,-0.15312938511059218,0.18919096120712844,-0.031500773830594735,0.17443431269585907,-0.20266253850706006,-0.15199761940929463,0.18507210268561686,-0.03269637564027711,0.29183265281258497,0.9256470727111736,1.3083018202223409,0.7702260624849394,-0.23336620423063315,-0.11949359224854454
In,0.1834104562076213,0.23564545151672614,0.26814207365216913,0.795807494429534,-0.5430857284724436,-0.5778661444399978,0.6870462458589374,0.27793531374048025,0.46684978092392615,-0.032254708321507654,1.4367508738149088,-0.6123928815982332,-0.4668497809239263,0.03225470832150753,-1.4367508738149088,0.6123928815982334,0.39306908384359185,0.011188034306951455,-0.2633448818800014,0.12223883082400078,-0.14478498979999377,-0.031621262626146805,-0.7096337481276563,-0.4045785834624975,-0.09986784213782861,-0.1487233549145401,-0.5108636400148306,-0.09908369180321454,0.1758205548040614,-0.3397903744886922,-0.4242137948054465,0.10958945053894094,-0.29826188188083225,-0.44686695187695535,-0.06645745984220332,-0.09349668727372412,0.2722179623577793,0.11835096216415904,-0.35174027166627303,-0.9316624222151678,-0.11545076371581182,0.036474005993573234,-0.24691323507206062,-0.7245339909817113,-0.1723151301176552,-0.4387093479469902,0.2277866172064959,0.11596832070528602,-0.11605612550852519,-0.10561899456503214,0.11554720382981111,-0.05566695068912153,0.11633510546186351,-0.11642349835667397,-0.10607294019028014,0.11592364298245879,-0.054654128012334754,0.13429642671898329,-0.1718883104332966,-0.11446683453339056,0.14987874949916102,-0.07336599049286772,0.13355689629040432,-0.16379352744880318,-0.11328004482882438,0.14543312492673996,-0.07454475666400966,-0.1266838890668964,1.0497480209453216,-0.8894383916136072,-1.1076888945098733,0.2322285573370671,-0.11949359272087845
Sn,0.2442604520020905,0.27594698749041174,0.26814207365216913,0.9719627991860715,-0.5430857284724436,-0.5778661444399978,0.8578033537478547,0.27793531374048025,0.46684978092392615,0.5160753331441222,1.4367508738149088,-0.6123928815982332,-0.4668497809239263,-0.5160753331441225,-1.4367508738149088,0.6123928815982334,0.5305623847765355,0.48667949235239,0.2696149981152395,0.42340696473820616,0.2913053969773667,-0.21331453156193392,-0.264852350596506,0.3137107229141432,0.11381402566681521,0.08252332498306826,-0.4610265306142249,-0.29209046646155845,0.09042199961351721,-0.6275657369406188,-0.684732611319793,0.10958945053894094,0.34730474183251553,-0.6101756887161561,-0.6858526447750196,-0.15935761339195534,0.04175454801105428,-0.19368401234903565,-0.5196556627798047,-0.851108266071107,0.0024227942771367092,0.036474005993573234,-0.24873824593998453,-0.4688434171350652,0.13012900574168973,-0.15544330186045024,0.04616924209136695,0.07292890636567544,-0.07301566892533165,-0.06567988835033214,0.07301845544569176,-0.09770769523768255,0.07328142134437224,-0.07336820845942339,-0.06606128528467278,0.07337193816909339,-0.0968756077333068,0.09225908250271316,-0.13234977135986115,-0.07468955951085503,0.10932103432662325,-0.11565236418326703,0.09145749951371965,-0.12364045814359889,-0.07345118730985103,0.10455585154954755,-0.1168070955269988,-0.16255832562215086,1.0497480209453216,3.066493989691099,2.1690810814708725,0.36176173030240016,-0.11949359151652636
Sb,0.2919460859109117,0.3162485234640973,0.26814207365216913,1.1481181039426092,-0.5430857284724436,1.8181642105551148,1.0285604616367718,0.7701124318225809,0.46684978092392615,1.0644053746097522,1.4367508738149088,-0.6123928815982332,-0.4668497809239263,-1.0644053746097524,-1.4367508738149088,0.6123928815982334,0.668055685709479,0.9621709503978286,0.8025748781104803,-0.11439327439430338,0.6207489821457355,-0.16569836453048623,0.09625588515189842,0.255174558422249,0.3173205664331424,0.31377000488067663,-0.3983101682224514,-0.5026433115433877,0.005023444422973038,-0.4444359608348471,-0.5189479099015725,0.10958945053894094,0.051420039297231455,-0.7158460478474037,-0.16556068943145374,-0.15935761339195534,0.04175454801105428,-0.29696319405410704,-0.6120091278922473,-0.42483362016288073,-0.1961010928688819,-0.07314124266267162,-0.2590799741915535,0.40298947154384707,-0.8983692018322504,-0.34748807886827393,-0.46599175573329665,0.02870500848814741,-0.02879061132146183,-0.024699121578069555,0.02932384949716157,-0.14023579407515468,0.029041425093726567,-0.029126201975693794,-0.024995313830839402,0.029651327618046005,-0.13968097544652716,0.048985155481971375,-0.09148777815343703,-0.03382574355143978,0.06750421510433435,-0.15836472217940262,0.04812242646997315,-0.08217941895683788,-0.032540302973331735,0.062428496722829095,-0.15948799872171343,-0.16167157514777855,0.8015461244770257,-0.4498903492464176,-0.7042427413110429,0.36176173030240016,-0.1194935926794747
Te,0.3832523488707524,0.3565500594377829,0.26814207365216913,1.3242734086991466,-0.5430857284724436,1.8181642105551148,1.199317569525689,0.7701124318225809,0.46684978092392615,1.6127354160753824,1.4367508738149088,-0.6123928815982332,-0.4668497809239263,-1.6127354160753824,-1.4367508738149088,0.6123928815982334,0.8055489866424227,1.4376624084432672,1.3355347581057213,-0.652193513526813,0.7083894230719364,-0.3524038615748468,0.21082814626875113,1.0800015783799937,0.5386339295165232,0.570710760322464,-0.32103465027544464,-0.6781040157782458,-0.0803751107675705,2.61644743979019,2.915163762332993,-0.27322301367242824,0.051420039297231455,-0.8119100106939925,0.3547312659121121,-0.18131125543136575,-0.07347715916230822,-0.47715240468848735,-0.7043625930046896,-0.6187405079632393,-0.791796831736404,-0.1527006973325269,-0.26516334375129985,0.24140063305340137,-1.0140317415022548,-0.6595608415059875,-0.7317585146517687,-0.016711535429977345,0.01662724342359081,0.017336818169328215,-0.015545580643594273,-0.1832728974009388,-0.01638423198282514,0.016299761979087578,0.01694220697121002,-0.015210814233020816,-0.1824658592004942,0.0044602112077372314,-0.04927429349747174,0.008141321812664387,0.024407295956378874,-0.20152368595045536,0.0035375648128457286,-0.039385608741812066,0.009468728694825857,0.019031845493656954,-0.2026080941214311,-0.16167157514777855,0.9256470727111736,0.8687537778551513,0.3965593108380124,-1.6524942064149335,-0.11949359118860871
I,0.3723779918371124,0.39685159541146847,0.26814207365216913,1.500428713455684,-0.5430857284724436,1.8181642105551148,1.4042260989923896,1.7544666679867822,0.46684978092392615,2.1610654575410124,1.4367508738149088,-0.6123928815982332,-0.4668497809239263,-2.1610654575410124,-1.4367508738149088,0.6123928815982334,0.9430422875753663,1.9131538664887058,1.8684946381009622,-1.727793991791832,1.0399448260939488,-0.44513008158345546,0.6225400825902018,2.048392219866276,0.794289021354222,0.8148044779921618,-0.22864000925184977,-0.8184725791661323,-0.13730748089459996,2.5902860432036516,2.891480233558962,0.237193605276064,-0.16376883527388467,-0.8887611809712633,2.708432968656814,-0.15935761339195534,-0.07347715916230822,-0.6243801743531637,-0.7463414407830726,-0.9777086308333246,-1.291704795055972,-0.38430710981588334,-0.2566466263676549,-0.4148673135216601,-1.1635981276928529,-1.0916615897735908,-0.7547754899913593,-0.063328994483272,0.06324618312623025,0.060450405540829505,-0.061600392629162615,-0.22683843332927403,-0.06301261882654995,0.06292911407422659,0.060019786545123535,-0.061269577150033235,-0.22589764853250432,-0.0413305540028119,-0.00568017331665309,0.051237950504449466,-0.019992838265703926,-0.2451483902375216,-0.04231154058684798,0.004766650375209824,0.052601699770848845,-0.025655343521976105,-0.24618652630885388,-0.16150461376139047,0.8015461244770257,-0.8894383916136072,-1.0880085943538325,0.36176173030240016,-0.1194935924837178
Xe,0.4409910524855971,0.43715313138515405,0.26814207365216913,1.6765840182122216,-0.5430857284724436,1.8181642105551148,1.6091346284590902,2.246643786068883,0.46684978092392615,2.709395499006642,1.4367508738149088,-0.6123928815982332,-0.4668497809239263,-2.709395499006642,-1.4367508738149088,0.6123928815982334,1.0805355885083099,2.3886453245341444,2.401454518096203,-1.727793991791832,1.396842043359682,-0.5315910164563472,1.1018759257722475,-1.4097279348700353,1.0779262625472903,1.0460511578897704,-0.11944634258760117,-0.9412950721305325,-0.22270603608514414,-1.176955065257933,1.2810002769248203,2.074693433490634,0.3204061325111266,0.29282556204177795,-0.859283296556208,-0.13740397135254495,-0.8109600850718272,-0.7518310794360181,-0.8302991363398384,-1.2184095775078194,-1.4722994936441156,-1.254883790558952,-0.29071349590223483,-0.7901200489572451,-1.2017728805176497,-1.6053813682695193,-0.7601430098955119,-0.11115571359882824,0.11107456627876808,0.10466575325242647,-0.10885150239046823,-0.2709486222172191,-0.1108520577305795,0.11077005410397338,0.10423391505184211,-0.10853130636124443,-0.26997868767944794,-0.08840229184105404,0.039324861906395,0.09549230224913201,-0.06572026183792062,-0.2892547577148471,-0.08943966265698505,0.0503039307168693,0.09688623790524305,-0.07165514478432647,-0.2902392245349405,-0.158035527177549,0.9256470727111736,2.6269459473239096,1.8912263174257204,0.36176173030240016,-0.119493591225044
Cs,0.4662008054966134,0.4774546673588396,0.958811051241089,-1.3180561626489158,-1.5922286130214824,-0.5778661444399978,-1.7035532645859033,-1.6907731585879224,-1.8673991236957053,-0.5805847497871376,-0.9208519114026057,-0.6123928815982332,1.8673991236957053,0.5805847497871375,0.9208519114026058,0.6123928815982334,-1.2568505273517316,-0.9397948817839257,-1.3292646418704832,-1.1899937526593225,-0.19758043614107834,0.7177068396055819,-1.2500824125435166,-0.24834756170869846,-1.3679679742880053,-1.0865571122770632,-0.6155495681321705,2.3924583083317676,2.481581544948752,1.9362511285401822,1.6362532085352925,2.8913600238082213,3.736529516327592,1.72417860845595,2.0890377837239975,2.1457748007461355,2.6920838129983897,2.614630758269718,3.8377487366163443,-1.068625854810242,-0.9908170286002875,-0.9253114015708989,-0.2408298655123142,-0.8040384152978087,-0.9425834300916258,-1.2260929336790674,-0.3255409856442636,-0.16014254660444377,0.16006586726629607,0.1459628912950401,-0.156605723115817,-0.3134399572176895,-0.15985329548822427,0.1597760442974126,0.1455825765412825,-0.15630576020992862,-0.3125424865387368,-0.13671731894909817,0.0857295928322357,0.13708804512341372,-0.11219040338977408,-0.33157758377533436,-0.1378088161734011,0.09720976067610704,0.13849158503301007,-0.11837148096166726,-0.3324915488833011,-0.15729347657137974,1.1738489691794693,-0.8894383916136072,-1.1167910333320412,0.36176173030240016,-0.1194935926586072
Ba,0.5353304344547202,0.5177562033325251,0.958811051241089,-1.1419008578923784,-1.5922286130214824,-0.5778661444399978,-1.5669475782747695,-1.1985960405058218,0.46684978092392615,-0.5805847497871376,-0.9208519114026057,-0.6123928815982332,-0.4668497809239263,0.5805847497871375,0.9208519114026058,0.6123928815982334,-1.119357226418788,-0.4643034237384871,-0.7963047618752422,-0.652193513526813,0.33354175405023456,0.3969242406568819,-0.8737530862728584,-0.5430346118367045,-1.0856026489747261,-0.8424633946073655,-0.6062821056537433,1.6028851392749068,1.7129945482338553,1.099086437770941,0.8783802877662853,1.845005954963813,1.71913381722338,0.8499965465519927,1.2962119470099926,1.5091191816032343,1.6549984484381277,1.608208093994766,2.1669905950367037,-0.3244080143599402,-0.3884211085415874,-0.6371293768778677,-0.2627299959274013,-0.4198915042982538,-0.5932910268425597,-0.7411798717343125,-0.5374279232785807,-0.21032507646293083,0.21025271444410462,0.1882411245122367,-0.20552541584813652,-0.35636781522820576,-0.21004930018789564,0.20997606382259876,0.1878308364546524,-0.20523186799038776,-0.3554381376483795,-0.18631664064943756,0.13358583180406355,0.179727368231547,-0.15999123649385275,-0.3742620243218705,-0.18745951418759232,0.14553213998149364,0.18113435702353492,-0.16639893533134895,-0.37509838889209524,-0.1624321770191021,1.1738489691794693,1.7478498625895305,1.0131094510554428,0.36176173030240016,-0.1194935912946023
La,0.5600097043317935,0.5580577393062107,0.958811051241089,-0.9657455531358409,0.5060571560765953,-0.5778661444399978,-1.430341891963636,-0.7064189224237211,0.46684978092392615,-0.5805847497871376,-0.6850916328808543,-0.6123928815982332,-0.4668497809239263,0.5805847497871375,0.6850916328808544,0.6123928815982334,-0.9818639254858443,-0.4643034237384871,-1.3292646418704832,-0.11439327439430338,0.4686980966834112,0.3280061041639972,-0.7694614866719749,-0.2571635614119239,-0.8197722300987111,-0.7653811679748294,-0.5917789468506457,0.5852130547127312,0.8874751813919289,0.2619217470016998,0.12050736699727764,0.9262560408565279,1.2349588494383688,0.5425918654429089,0.9741264508449284,1.333490045287951,1.1940716197446781,1.2895808312876302,1.444954413248517,-0.11607830019426556,0.7369611767174055,-0.16861258826649791,-0.2712467133110463,-0.5251279327269053,0.686099407896815,0.4254921485882165,-0.5967562658161895,-0.26171206183020346,0.26164312328264333,0.23322487072523568,-0.2558983672305735,-0.40057408984536114,-0.2614513516608079,0.2613816779882045,0.23284448659251258,-0.2556219917576582,-0.39971155127582836,-0.23721187142491537,0.18291452903341154,0.22479794248987814,-0.20934275174473713,-0.4180492959009163,-0.23840292448252554,0.19529142626996063,0.22620942576468453,-0.21596048284641212,-0.41880685314893995,-0.16100743985525703,1.0497480209453216,-0.8894383916136072,-1.1076888945098733,0.3590442511492813,-0.1194935926340962
Ce,0.5789197942376033,0.5983592752798963,0.958811051241089,-0.9657455531358409,1.555200040625634,-0.5778661444399978,-1.362039048808069,-0.7064189224237211,0.46684978092392615,-0.5805847497871376,-0.6850916328808543,-0.4310221675360387,-0.4668497809239263,0.5805847497871375,0.6850916328808544,0.43102216753603884,-0.8443706245529008,-0.4643034237384871,-0.2633448818800014,-0.006833226567801388,0.3990081075131795,0.3355244463268574,-0.7803704108361418,5.185933846553232,-0.8197722300987111,-0.75253413020274,-0.570500181039151,0.4097523504778735,0.77361044113787,0.20959895382862215,0.07314030944921462,0.7986518861194049,1.18116163079559,1.906700137864469,0.4538344955013623,1.2676291191697202,0.9636082053979538,1.4280188833603857,1.3190178699133681,-0.24641791623637987,0.6147449086931378,-0.07844520630732868,-0.2712467133110463,-0.5753698404928422,0.686099407896815,0.4062876708874341,-0.6221826983323075,-0.31436618163302765,0.3142988138030537,0.28587059251893737,-0.3085792844024904,-0.4490871027103629,-0.31412159049788113,0.31405361308273694,0.28553069995325264,-0.3083224056888704,-0.44833765918917196,-0.28945643564588036,0.23375811828118606,0.2770636842185964,-0.2609882681467888,-0.4660907481223321,-0.29069234829479956,0.2465375051319323,0.27850655460003765,-0.26781495884712003,-0.4667889078772644,-0.1625620358751817,1.0497480209453216,0.42920573548796165,-0.015432235849625109,0.36176173030240016,-0.11949359240554754
Pr,0.5913125869319725,0.638660811253582,0.958811051241089,-0.9657455531358409,1.555200040625634,-0.5778661444399978,-1.2937362056525021,-0.7064189224237211,0.46684978092392615,-0.5805847497871376,-0.9208519114026057,-0.06828073941164971,-0.4668497809239263,0.5805847497871375,0.9208519114026058,0.06828073941164978,-0.7068773236199571,-0.4643034237384871,-0.2633448818800014,-0.06061325048105239,0.42646173961054334,0.3493080736254345,-0.799132618102785,0.18697317347796286,-0.8197722300987111,-0.7396870924306506,-0.5416618536893623,1.4976087167339929,0.77361044113787,0.15727616065554453,0.02577325190115161,0.8241727170668295,1.154263021474201,1.8874873452951515,0.8750232212556778,1.2456754771303093,0.9636082053979538,1.3489114250330967,1.2014770961338956,-0.10432636760030443,0.46585199333362387,-0.05899733961025306,-0.2712467133110463,-0.4782807484586669,0.1348326470458786,0.10381714710011176,-0.6088640908238647,-0.3683175291994105,0.36825007596292275,0.3460444909473134,-0.3635720826833592,-0.5017998392393505,-0.3680939998276353,0.3680263494406112,0.3458855306140699,-0.3633597068732577,-0.5015234635611018,-0.34308641038922627,0.28616896079585724,0.33608670090193715,-0.31490165478283927,-0.5180744892949172,-0.3443634131991629,0.2993187950388312,0.33758895857342774,-0.3219334793505287,-0.518733412149726,-0.16055849923852464,1.0497480209453216,-0.8894383916136072,-1.1076888945098733,0.36176173030240016,-0.11949359272654247
Nd,0.6434439290381617,0.6789623472272676,0.958811051241089,-0.9657455531358409,1.555200040625634,-0.5778661444399978,-1.2254333624969351,-0.7064189224237211,0.46684978092392615,-0.5805847497871376,-0.9208519114026057,0.11308997465054482,-0.4668497809239263,0.5805847497871375,0.9208519114026058,-0.11308997465054474,-0.5693840226870135,-0.4643034237384871,-0.2633448818800014,-0.06061325048105239,0.4496917360006209,0.3380305603811441,-0.7842827736908299,1.033578100532008,-0.8197722300987111,-0.7782282057469186,-0.5035840622372141,0.778219829371075,1.3144679573446498,0.9421180582517081,0.7362791151220963,0.7986518861194049,0.6700880536891897,1.4167739273468665,0.8254716064610524,1.2017681930514885,0.9636082053979538,1.2829885430936894,1.4701417219155466,-0.013515979374241182,0.5340945795400678,-0.018333618334549197,-0.2712467133110463,-0.46130713097017473,0.022885984006183243,-0.03061419680536483,-0.5604327907931637,-0.4235392365197774,0.42347374923684844,0.4025071520960901,-0.4190331525456168,-0.5522537872928992,-0.4233378155878243,0.423272675135467,0.402482715415601,-0.41885840617695885,-0.5524593454879604,-0.3981115511481711,0.34022379912441864,0.39228054165050685,-0.36970605654671834,-0.5679738560467645,-0.39942487150864947,0.3536866704726861,0.3938101533975684,-0.3769009851933491,-0.5685699762552747,-0.15358322354053328,0.9256470727111736,0.8687537778551513,0.3965593108380124,-0.5259481263830984,-0.11949359250759947
Pm,0.6539300781078821,0.7192638832009531,0.958811051241089,-0.9657455531358409,1.555200040625634,-0.5778661444399978,-1.1571305193413683,-0.7064189224237211,0.46684978092392615,-0.5805847497871376,-0.9208519114026057,0.29446068871273934,-0.4668497809239263,0.5805847497871375,0.9208519114026058,-0.2944606887127393,-0.4318907217540699,-0.4643034237384871,-0.2633448818800014,-0.11439327439430338,0.42012628604961344,0.3229938760554238,-0.7680050596238794,-0.5606927726167792,-0.8197722300987111,-0.7653811679748294,-0.4554268554006737,0.7606737589475888,0.7166780710108406,0.10495336748246752,-0.021593805646911404,0.8752143789616788,1.046668584188643,1.4167739273468665,0.7759199916664271,1.1578609089726681,0.9636082053979538,1.2170656611542818,1.3609967176917512,0.014261315847848753,0.4553054118289916,0.02763406658581157,-0.2773300828707927,-0.41106522320423783,-0.25462885294096055,-0.16024442128564584,-0.5785945283046766,-0.3683175291994105,0.36825007596292275,0.3460444909473134,-0.3635720826833592,-0.5017998392393505,-0.3680939998276353,0.3680263494406112,0.3458855306140699,-0.3633597068732577,-0.5015234635611018,-0.34308641038922627,0.28616896079585724,0.33608670090193715,-0.31490165478283927,-0.5180744892949172,-0.3443634131991629,0.2993187950388312,0.33758895857342774,-0.3219334793505287,-0.518733412149726,1.3956329294894085,0.9256470727111736,-1.3289864339807969,-1.471774447396622,-2.657659550940792,-0.11949359245059481
Sm,0.7390966202690366,0.7595654191746387,0.958811051241089,-0.9657455531358409,1.555200040625634,-0.5778661444399978,-1.0888276761858013,-0.7064189224237211,0.46684978092392615,-0.5805847497871376,-0.9208519114026057,0.47583140277493385,-0.4668497809239263,0.5805847497871375,0.9208519114026058,-0.4758314027749338,-0.2943974208211263,-0.4643034237384871,-0.2633448818800014,-0.22195332222080538,0.4760894591711632,0.3254999901097105,-0.7503851480812328,-0.5246864097919426,-0.8197722300987111,-0.75253413020274,-0.3957903143763533,1.33969408292262,0.6882118859473264,0.758988282145937,0.5704944137038758,0.8752143789616788,1.0197699748672528,1.560869871616749,0.32995545851479946,1.1359072669332577,0.9636082053979538,1.1555376380108355,1.2518517134679552,0.04844875612119021,-0.29288148785256596,0.07360175150617233,-0.26516334375129985,-0.36014437073876127,-0.47852217902035116,-0.6115496472540315,-0.5991778308177246,-0.537889200974891,0.5378283263654177,0.5210135353593781,-0.5341489507238822,-0.6559352088246911,-0.5377397244655837,0.5376807276701466,0.521314130954612,-0.5340623446528694,-0.6575263907271904,-0.5124346218855398,0.4533684809022507,0.5103291770520534,-0.4841600833299894,-0.6703301014183011,-0.5138045435643687,0.4672939815032801,0.511901995494279,-0.4915956360399348,-0.6707946774970284,0.9318513006336003,0.9256470727111736,0.8687537778551513,0.3965593108380124,-0.43023247176768903,-0.11949359269630119
Eu,0.7641902079489241,0.7998669551483243,0.958811051241089,-0.9657455531358409,1.555200040625634,-0.5778661444399978,-1.0205248330302346,-0.7064189224237211,0.46684978092392615,-0.5805847497871376,-0.9208519114026057,0.6572021168371284,-0.4668497809239263,0.5805847497871375,0.9208519114026058,-0.6572021168371283,-0.15690411988818265,-0.4643034237384871,-0.2633448818800014,-0.652193513526813,0.5014312734148839,0.3129694198382769,-0.742760324123556,0.09321429513440602,-0.8197722300987111,-0.7396870924306506,-0.3238344878822203,1.2168715899582199,1.3429341424081644,0.6281812992132431,0.4520767698337182,1.155943519383349,0.9659727562244738,1.368741945923572,0.8502474138583651,1.1359072669332577,0.9636082053979538,1.0940096148673886,1.1594982483555127,-0.22077733603137378,-0.45728408189536257,-0.32949948548776076,-0.2773300828707927,-0.3207655781654594,-0.5862355648862765,-0.7507821105847037,-0.5919131358131194,-0.5970403449119791,0.5969821462738432,0.583068483062164,-0.5938249245291312,-0.7091466608095282,-0.5969208657260189,0.5968655196118466,0.5835576957316819,-0.5937885905518497,-0.711648843166687,-0.5717729806859962,0.5125437784101233,0.5721939153281262,-0.5438666410092664,-0.7227583834656855,-0.5731618939482661,0.5266075155971174,0.5737814332981099,-0.5513734952185968,-0.7231546781772308,0.6851194740823103,0.9256470727111736,-0.4498903492464176,-0.7244409441027683,0.36176173030240016,-0.11949359274959608
Gd,0.8468192490007663,0.8401684911220099,0.958811051241089,-0.9657455531358409,1.555200040625634,-0.5778661444399978,-0.9522219898746677,-0.7064189224237211,0.46684978092392615,-0.5805847497871376,-0.6850916328808543,0.6572021168371284,-0.4668497809239263,0.5805847497871375,0.6850916328808544,-0.6572021168371283,-0.01941081895523903,-0.4643034237384871,-0.2633448818800014,-0.11439327439430338,0.6735444284868201,0.23277377010110184,-0.6058561816025714,-0.5521411454008074,-0.8197722300987111,-0.6882989413422931,-0.23703952207217655,1.2519637308051914,0.6597457008838117,0.026469177722851095,-0.09264439196900592,0.6455269004348572,0.9121755375816947,1.3399227570695955,0.28040384372017413,1.091999982854437,0.8483764982245913,0.8457000928956208,0.8068759270170961,0.3037862006627092,0.6246711030504387,0.14078529100516135,-0.24691323507206062,-0.26373422340412567,0.4292805926881022,0.3054641629583267,-0.6318689583384477,-0.6574845120192379,0.6574311538261173,0.6406087514316999,-0.6538575896182885,-0.7596917143547252,-0.657389540887131,0.657339573562042,0.6410724180490243,-0.6538347953317055,-0.7626011001504994,-0.6325696021740519,0.5735255924343,0.6304623679135334,-0.6044502354152546,-0.7726682032007983,-0.6339700026422971,0.5876436898086563,0.6320189055270844,-0.611969040542284,-0.772966615974039,8.927446582107734,0.6774451762428778,1.3083018202223409,0.8947816463672484,0.3557228877399138,-0.11949359267251887
Tb,0.8730125768410301,0.8804700270956954,0.958811051241089,-0.9657455531358409,1.555200040625634,-0.5778661444399978,-0.8839191467191008,-0.7064189224237211,0.46684978092392615,-0.5805847497871376,-0.9208519114026057,1.0199435449615173,-0.4668497809239263,0.5805847497871375,0.9208519114026058,-1.0199435449615173,0.11808248197770459,-0.4643034237384871,-0.2633448818800014,-0.11439327439430338,0.6123017107311619,0.26034102469825576,-0.6875303258683234,0.3545284639862735,-0.8197722300987111,-0.7139930168864719,-0.13624536822825484,1.111595167417305,0.6028133307567822,-0.025853615450226516,-0.14001144951706868,0.6455269004348572,0.8852769282603058,1.3207099645002778,0.5281619176933003,1.048092698775616,0.7331447910512288,0.9819407155703956,0.9747913181306278,0.3593407911068891,0.5979944557151925,0.19912889109638854,-0.2773300828707927,-0.21281337093864916,0.29522681551871915,0.2622540881315663,-0.6258150458346101,-0.719351680299699,0.7192996277316517,0.7128562100610508,-0.7174732093230607,-0.8182980259709582,-0.7192443014481145,0.7191931969578041,0.7129208427372791,-0.7173867971377637,-0.8192856218550244,-0.6949065155133644,0.6363256914646486,0.7016821424586795,-0.6683952497013717,-0.8300771436388359,-0.6963112139144698,0.6504485588894661,0.703282611410611,-0.6759297866184185,-0.8303335699398106,-0.15840655248063368,0.6774451762428778,-0.8894383916136072,-1.0773484317693114,0.36176173030240016,-0.11949359276185159
Dy,0.9289010778602123,0.920771563069381,0.958811051241089,-0.9657455531358409,1.555200040625634,-0.5778661444399978,-0.8156163035635339,-0.7064189224237211,0.46684978092392615,-0.5805847497871376,-0.9208519114026057,1.2013142590237118,-0.4668497809239263,0.5805847497871375,0.9208519114026058,-1.2013142590237118,0.2555757829106482,-0.4643034237384871,-0.2633448818800014,-0.11439327439430338,0.59857489468248,0.26785936686111594,-0.6660837236502886,-0.3586233981041513,-0.8197722300987111,-0.7011459791143825,-0.01865218874367938,1.164233378687762,0.6028133307567822,-0.05201501203676532,0.21524148209340366,0.6200060694874326,0.8314797096175267,1.1093692462377822,0.2060764215282361,1.0041854146967952,0.7331447910512288,0.9270049806208898,0.890833622573862,0.4095535940083594,0.18667777703453522,0.2557045033060634,-0.2834134524305391,-0.1951608087506173,-0.17890022794351965,-0.20825561553760175,-0.6306581758376801,-0.7825344348178633,0.7824858697765744,0.7806283995489559,-0.7814710575848618,-0.874238328228611,-0.7824359924467078,0.7823876617768835,0.7805737857902466,-0.7813762682979676,-0.874651030215619,-0.7587439485824503,0.7010277138085794,0.7693476499770021,-0.7332842696027199,-0.8849587931694295,-0.7601438555903854,0.7150577535776953,0.7709453370068804,-0.7407677910599859,-0.8851445286421554,0.013563675499100017,0.6774451762428778,1.7478498625895305,1.2892076619945605,0.36176173030240016,-0.11949359265125391
Ho,0.9668982417294862,0.9610730990430666,0.958811051241089,-0.9657455531358409,1.555200040625634,-0.5778661444399978,-0.7473134604079671,-0.7064189224237211,0.46684978092392615,-0.5805847497871376,-0.9208519114026057,1.3826849730859063,-0.4668497809239263,0.5805847497871375,0.9208519114026058,-1.3826849730859063,0.39306908384359185,-0.4643034237384871,-0.2633448818800014,-0.11439327439430338,0.6313080714139527,0.2528226825353956,-0.6424953169497603,-0.36785787237824485,-0.8197722300987111,-0.6882989413422931,0.11574001638154956,1.1291412378407903,0.5743471456932675,-0.07817640862330413,-0.18737850706513168,0.6710477313822818,0.7776824909747477,1.0901564536684645,0.18130061413092344,1.0041854146967952,0.7331447910512288,0.8764641044673442,0.8152716965727728,0.47579175953795844,0.2691892676295992,0.29990420034487186,-0.28949682199028554,-0.11776111300309305,-0.12763053772786084,-0.16024442128564584,-0.5640651382954662,-0.8470835749862065,0.8470387840333323,0.8503488294579526,-0.8469355270941501,-0.9310903511636722,-0.8469962198009016,0.8469511108747507,0.8502167313809119,-0.8468402481755538,-0.9310551344762602,-0.8241239444616131,0.767670587980184,0.8389921733508876,-0.7999699658722201,-0.9406512234371356,-0.8255094552217672,0.7815162915148195,0.8405802168175373,-0.8073539048824996,-0.9407664419177416,-0.1508005337673984,0.6774451762428778,-0.8894383916136072,-1.0773484317693114,0.36176173030240016,-0.11949359275237842
Er,1.0033063013920414,1.001374635016752,0.958811051241089,-0.9657455531358409,1.555200040625634,-0.5778661444399978,-0.6790106172524002,-0.7064189224237211,0.46684978092392615,-0.5805847497871376,-0.9208519114026057,1.5640556871481008,-0.4668497809239263,0.5805847497871375,0.9208519114026058,-1.5640556871481008,0.5305623847765355,-0.4643034237384871,-0.2633448818800014,-0.11439327439430338,0.6566498856576729,0.240292112263962,-0.6178788440976347,-0.3953629206392688,-0.8197722300987111,-0.6754519035702037,0.2697310847542078,1.1291412378407903,0.5458809606297528,-0.10433780520984293,-0.2110620358391632,0.6200060694874326,0.7507838816533576,1.0709436610991467,0.15652480673361074,0.9383244885785641,0.7331447910512288,0.8237257989158183,0.7397097705716833,0.5345514225077641,0.37341430838125894,0.34763987314678496,-0.2834134524305391,0.40502630564246594,-0.03355771164408329,-0.08342651048251636,-0.5870700058100493,-0.9130103194492767,0.9129695963950168,0.9220410568618479,-0.9138799582279941,-0.9888564206162537,-0.9129363315798998,0.9128948971680683,0.921865223027267,-0.9137908195552631,-0.9885044829296653,-0.8910685895145635,0.8363070194275768,0.9106409770679587,-0.8684891316878955,-0.9971521492858239,-0.8924291635536388,0.8498688171700262,0.912211989487992,-0.8757205963685954,-0.99719765142928,-0.13206375596162376,0.5533442280087298,1.3083018202223409,0.9623975347605025,0.36176173030240016,-0.11949359269875227
Tm,1.0294975967298763,1.0416761709904376,0.958811051241089,-0.9657455531358409,1.555200040625634,-0.5778661444399978,-0.6107077740968333,-0.7064189224237211,0.46684978092392615,-0.5805847497871376,-0.9208519114026057,1.7454264012102954,-0.4668497809239263,0.5805847497871375,0.9208519114026058,-1.7454264012102954,0.668055685709479,-0.4643034237384871,-0.2633448818800014,-0.11439327439430338,0.5542267197559685,0.2879082792954097,-0.5960038809831011,0.24008382822131194,-0.8197722300987111,-0.6626048657981144,0.44332101637429533,1.058956956146848,0.517414775566238,0.2619217470016998,0.12050736699727764,0.6200060694874326,0.6969866630105785,1.0421244722451704,0.13174899933629808,0.9602781306179745,0.7331447910512288,0.7753823521602529,0.6641478445705942,0.5516451426444348,-0.1961010928688819,0.3918395701855934,-0.28949682199028554,0.1972692275833218,-0.3628126029373048,-0.49152166162414174,-0.5568004432908612,-0.9803258702537428,0.9802895153903792,0.9957294919222086,-0.9823178155281991,-1.0475393206774923,-0.9802676397537924,0.9802303354831098,0.9955381793738195,-0.9822405943004462,-1.047005900678812,-0.9596003968891443,0.9069919565351657,0.9843202479595302,-0.9388798975655142,-1.0544596434753835,-0.9609244929590958,0.9201616760604006,0.985866322832176,-0.945901388252464,-1.0544368857848492,-0.14319451505416317,0.5533442280087298,-0.8894383916136072,-1.0660791170371025,0.36176173030240016,-0.11949359276930425
Yb,1.093768294112185,1.0819777069641232,0.958811051241089,-0.9657455531358409,1.555200040625634,-0.5778661444399978,-0.5424049309412664,-0.7064189224237211,0.46684978092392615,-0.5805847497871376,-0.9208519114026057,1.9267971152724899,-0.4668497809239263,0.5805847497871375,0.9208519114026058,-1.9267971152724899,0.8055489866424227,-0.4643034237384871,-0.2633448818800014,-0.652193513526813,0.6883271534623241,0.22400237091109845,-0.5760422632062617,-0.6905015962331238,-0.8197722300987111,-0.6497578280260252,0.6393096488485877,1.058956956146848,0.517414775566238,0.23576035041516097,0.09682383822324613,1.0028185336988011,0.6431894443677996,1.0325180759605113,0.40428288070673696,1.1139536248938473,0.7331447910512288,0.7248414760067069,0.5969816881251814,-0.22398240855699952,-0.6638730019566882,-0.023637581979206256,-0.29558019155003196,-0.42600200659411097,-0.654908727927434,-0.8756112156397892,-0.33764881065193886,-1.0490414157416008,1.0490097358394819,1.0714391924084936,-1.052262657348502,-1.107142155349618,-1.0490014287233012,1.0489687124592615,1.0712566394404892,-1.052202512674702,-1.1065663079802044,-1.0297423295944417,0.979782743356115,1.0600568778069512,-1.0111817781631562,-1.1125719347803795,-1.0310173384260102,0.9924430236139415,1.0615695880707117,-1.0179308811851746,-1.1124831407690907,-0.1561804006621258,0.5533442280087298,1.7478498625895305,1.368092865120024,0.36176173030240016,-0.11949359269971285
Lu,1.123818060791777,1.1222792429378088,0.958811051241089,-0.9657455531358409,0.5060571560765953,-0.5778661444399978,-0.4741020877856995,-0.7064189224237211,0.46684978092392615,-0.5805847497871376,-0.6850916328808543,1.9267971152724899,-0.4668497809239263,0.5805847497871375,0.6850916328808544,-1.9267971152724899,0.9430422875753663,-0.4643034237384871,-1.3292646418704832,-0.11439327439430338,0.6735444284868201,0.23277377010110184,-0.812583150252844,-0.3681295606618752,-0.8197722300987111,-0.6626048657981144,0.8576969821770847,0.9712266040294185,0.631279515820297,-0.18282199496945936,-0.2821126221612577,0.6200060694874326,0.6162908350464107,0.8211773576980163,0.08219738454167273,0.8944172044997437,0.7331447910512288,0.4941113892187816,0.6725436141262706,0.6777113286523815,0.7047010450561775,0.48377494002631494,-0.29558019155003196,0.31676349470230686,0.41281784812344113,0.44469662628899886,-0.5616435732939312,-1.119115197929356,1.1190905689552513,1.141417868951663,-1.1224204335586652,-1.1635746883787947,-1.119095579807347,1.1190700514713166,1.1412918845039162,-1.1223862581456754,-1.1630803059141372,-1.1014905575420226,1.054754280454488,1.1312344371049308,-1.0844478806263949,-1.1677383753352877,-1.1027022349875666,1.0667598292847111,1.1326326054949132,-1.0908257599448723,-1.1675412930703204,-0.14690476808500963,0.5533442280087298,-0.8894383916136072,-1.0660791170371025,0.2835587191182014,-0.11949359276966862
Hf,1.1788988766149822,1.1625807789114944,0.958811051241089,-0.7895902483793034,0.5060571560765953,-0.5778661444399978,-0.3374964014745658,-0.2142418043416204,0.46684978092392615,-0.5805847497871376,-0.44933135435910276,1.9267971152724899,-0.4668497809239263,0.5805847497871375,0.4493313543591029,-1.9267971152724899,1.0805355885083099,-0.4643034237384871,-0.7963047618752422,0.42340696473820616,0.952304385167748,-0.2822326680548186,-0.4130081059988564,-0.6536287107737033,-0.7307381185134432,-0.5598285636213997,1.0928833411462355,0.8133119702180467,0.34661766518514975,-0.5752429437675411,-0.6373655537717301,0.18615194338121477,0.5624936164036316,0.3792831286037081,-0.28943972641801713,0.6309735000268188,0.2722179623577793,0.3249093255743023,0.19398474945270516,1.2802649634700247,1.4479248475590842,1.0954987470434243,-0.3016635611097784,0.6874673006509758,1.4433856578712245,1.3665115559265526,-0.4817319282432745,-1.1905718674106442,1.1905544787093707,1.212744049365553,-1.1939622787564,-1.2204351414034786,-1.19057448565045,1.190556617265895,1.2127041938877783,-1.1939599234890952,-1.2201243435943931,-1.174865141153035,1.131938300635052,1.203749019056209,-1.159575057418126,-1.223103055478885,-1.1759982335760475,1.1431451366686542,1.2050302940158488,-1.165505159572843,-1.222803522200923,-0.1433800277057055,0.6774451762428778,0.8687537778551513,0.5003556307399376,0.35693065625241094,-0.11949359273081533
Ta,1.2173272436918645,1.20288231488518,0.958811051241089,-0.6134349436227658,0.5060571560765953,-0.5778661444399978,-0.23504213674121543,-0.2142418043416204,0.46684978092392615,-0.5805847497871376,-0.2135710758373513,1.9267971152724899,-0.4668497809239263,0.5805847497871375,0.2135710758373514,-1.9267971152724899,1.2180288894412536,-0.4643034237384871,-0.2633448818800014,0.9612072038707157,1.263797518580148,0.03228464575816444,-0.20610979298998416,-0.39851924184847604,-0.5017932601513247,-0.48274633698886343,1.3644675890034692,0.6729434068301602,0.005023444422973038,-0.5490815471810023,-0.6136820249976985,-0.14561885893530516,0.42800056979668466,0.2640063731878015,-0.46287037819920557,0.5212052898297668,0.04175454801105428,0.18647127350154696,-0.06628410677326903,2.1018318875387614,1.9597442441074135,1.6789347479556964,-0.3016635611097784,1.1993916041039,2.233597396974956,2.149094022233434,-0.06401196547847789,-1.2634183637745737,1.2634084761823428,1.2853816626985828,-1.2668878177580083,-1.2777556525191873,-1.263445183904645,1.2634354801810277,1.2854404846922316,-1.2669203804155809,-1.277728930701836,-1.2498865770345449,1.2113965467930208,1.2776361539600554,-1.236604644462995,-1.2787512142880553,-1.250924541310514,1.221649628334731,1.278785276461455,-1.2420026636414228,-1.2783504878440346,-0.15887033410948947,0.6774451762428778,-0.8894383916136072,-1.0773484317693114,0.36176173030240016,-0.1194935927749683
W,1.2625441688812746,1.2431838508588655,0.958811051241089,-0.4372796388662284,0.5060571560765953,-0.5778661444399978,-0.13258787200786512,-0.2142418043416204,0.46684978092392615,-0.5805847497871376,0.022189202684400163,1.9267971152724899,-0.4668497809239263,0.5805847497871375,-0.02218920268440006,-1.9267971152724899,1.3555221903741972,-0.4643034237384871,0.2696149981152395,1.3806913903940732,1.263797518580148,0.004717391161010511,-0.11632534908385656,0.045557210002301445,-0.336444195778684,-0.4185111481284166,1.6556507001081322,0.5501209138657596,0.23275292493109084,-0.7060499267002349,-0.7557831976418873,-0.40082716840955074,0.1590144765827895,0.2159743917645073,-0.5619736077884563,0.34557615351448406,-0.18870886633567022,0.07000751540859408,-0.23419949788680078,2.544131896075117,2.105535223730271,2.1562914759748275,-0.3077469306695248,1.4573905899289812,2.614592342614255,2.4707690237215387,1.3465496479156904,-1.3376618440577182,1.337659740157633,1.3593685999768044,-1.3412091172754748,-1.3355722333395406,-1.337714885863282,1.337713840366793,1.3595356466958741,-1.3412792218317586,-1.3359309349029935,-1.326576329892736,1.2931948718713655,1.3529587525683018,-1.3155846052350235,-1.3347345385070921,-1.3275012211964408,1.302326938052281,1.3539576551086119,-1.3203594614641565,-1.33423383799322,-0.15925991067772835,0.5533442280087298,0.8687537778551513,0.5567022044009812,0.36176173030240016,-0.11949359273777117
Re,1.2995513477213332,1.283485386832551,0.958811051241089,-0.2611243341096909,0.5060571560765953,-0.5778661444399978,-0.030133607274514813,-0.2142418043416204,0.46684978092392615,-0.5805847497871376,0.25794948120615163,1.9267971152724899,-0.4668497809239263,0.5805847497871375,-0.2579494812061515,-1.9267971152724899,1.4930154913071407,-0.4643034237384871,0.8025748781104803,1.3806913903940732,1.233176159702319,0.013488790351014173,-0.1250353539793301,-0.5437069622899415,-0.17109513140604293,-0.36712299704005913,1.9776320248873265,0.46239056174833054,0.6028133307567822,-0.7845341164598513,-0.8268337839639819,-0.34978550651470147,0.024521429975841343,0.158336014056554,-0.48764618559651823,0.10408609108096954,-0.18870886633567022,-0.03986395449041831,-0.35174027166627303,2.2984096691104754,2.0683119948903923,2.4568494158387253,-0.3077469306695248,1.3080227560302502,2.1018954404576675,2.0914805891310873,-0.18024708555216043,-1.4133096850282243,1.4133156568768663,1.4347502145315982,-1.416939707807116,-1.3939151630172146,-1.4133910093614843,1.413399103661369,1.4350339406666182,-1.4170498130576032,-1.3947618520152825,-1.4049567423612301,1.3774029349894086,1.4297768556648769,-1.396564658520347,-1.391089287782073,-1.4057491128901958,1.3852335478774984,1.430605873537784,-1.4006181786041423,-1.3904905075050986,-0.145977204827298,0.5533442280087298,-0.8894383916136072,-1.0660791170371025,-1.528395991755838,-0.11949359276470016
Os,1.3624494805787715,1.3237869228062367,0.958811051241089,-0.08496902935315338,0.5060571560765953,-0.5778661444399978,0.07232065745883551,-0.2142418043416204,0.46684978092392615,-0.5805847497871376,0.4937097597279031,1.9267971152724899,-0.4668497809239263,0.5805847497871375,-0.493709759727903,-1.9267971152724899,1.6305087922400845,-0.4643034237384871,0.8025748781104803,1.3806913903940732,2.3777814363770364,-0.06294768830473095,0.047651202095846036,0.27615207473028897,-0.1074993374165659,-0.3157348459517019,2.3248118881275017,0.4097523504778735,-0.27963840621217356,-0.7845341164598513,-0.8268337839639819,-0.40082716840955074,-0.10997161663110563,0.12951682520257715,-0.48764618559651823,-0.04958940319490331,-0.3039405735090327,-0.1365508480015492,-0.452489506334392,2.1541814054573156,1.7146913209115469,2.7397274768870994,-0.3077469306695248,1.2129704980946936,2.2477083208875226,2.1923040970601946,0.3004335672525475,-1.4903694394831397,1.490383785311149,1.5115694928279473,-1.494092912888678,-1.4528093254475276,-1.4904657216527757,1.4904809017084721,1.5117063137145885,-1.4941938436133715,-1.4532141186426055,-1.4850509921232415,1.464094283202494,1.5081442783995918,-1.4795957550058385,-1.4478421681545282,-1.4856897890124245,1.470428860180242,1.5087824185755834,-1.4828221986689214,-1.4471481445474705,-0.15989065369297226,0.5533442280087298,1.3083018202223409,0.9623975347605025,0.31375293193063336,-0.11949359255824453
Ir,1.3935154984728135,1.3640884587799222,0.958811051241089,0.0911862754033841,0.5060571560765953,-0.5778661444399978,0.17477492219218582,-0.2142418043416204,0.46684978092392615,-0.5805847497871376,0.7294700382496546,1.9267971152724899,-0.4668497809239263,0.5805847497871375,-0.7294700382496545,-1.9267971152724899,1.768002093173028,-0.4643034237384871,0.2696149981152395,1.3806913903940732,1.5964088305289825,-0.10179245614617499,0.198662696808188,0.6995801807427455,-0.0693418610228795,-0.26434669486334444,2.702789965042208,0.32202199836044443,-0.023442740640541054,-0.6537271335271576,-0.7084161400938244,-0.3753063374621261,-0.10997161663110563,0.11030403263325939,-0.48764618559651823,-0.11545032931313454,-0.18870886633567022,-0.22225059452277862,-0.5280514323354814,1.4757743875331961,1.1563428883133695,2.7043677192560525,-0.3077469306695248,0.8259720193570722,1.5797912556927018,1.58736304948555,1.0196383727084581,-1.5688487968094087,1.5688718201476084,1.5898656226468635,-1.572681569706669,-1.5122752814029135,-1.568961857483983,1.5689847986442278,1.5899202324025496,-1.5727849623946808,-1.5123484111497323,-1.5668830756721277,1.5533465346338493,1.588109307062685,-1.5647302419117863,-1.5050133330496112,-1.5673455320198446,1.5579753257479534,1.58853429495435,-1.5670157671874658,-1.5042280311155434,-0.08383046656061971,0.6774451762428778,-0.4498903492464176,-0.6829224161419991,0.36176173030240016,-0.11949359256288175
Pt,1.4383399943471051,1.4043899947536078,0.958811051241089,0.2673415801599216,0.5060571560765953,-0.5778661444399978,0.27722918692553616,-0.2142418043416204,-1.8673991236957053,-0.5805847497871376,1.2009905952931574,1.9267971152724899,1.8673991236957053,0.5805847497871375,-1.2009905952931574,-1.9267971152724899,1.9054953941059716,-0.9397948817839257,-0.2633448818800014,1.3806913903940732,1.5700111073584397,-0.09302105695617133,0.19632099057399496,1.2098284108682327,-0.01846522583129763,-0.18726446823080822,3.111566255631446,0.269383787089987,-0.27963840621217356,-0.3397903744886922,-0.4242137948054465,-0.2987438446198528,-0.7824368496658429,0.17754880662587177,-0.5619736077884563,-0.22521853951018608,-0.18870886633567022,-0.2354351709106601,-0.6204048974479238,0.7941622970834508,0.9683655826719831,2.5275689311008183,-0.3077469306695248,0.38465796465627555,1.1376489730989474,1.1072511069659907,0.10670836712974327,-1.6487773231619876,1.6488079164440002,1.673635115046027,-1.6533820909228205,-1.5740598146232185,-1.648908032334555,1.6489379602294454,1.6736839106121977,-1.6535011635289412,-1.5738526752516424,-1.6504831733127099,1.6452140250219331,1.6725618767009618,-1.6524344506106843,-1.5640005546553952,-1.6507446060087072,1.6479254112371855,1.6727753132100807,-1.6536720473177011,-1.563144728916774,-0.16081821695068388,0.8015461244770257,0.8687537778551513,0.4470548178173271,0.3614597881742759,-0.11949359233797661
Au,1.467772818366355,1.4446915307272934,0.958811051241089,0.4434968849164591,0.5060571560765953,-0.5778661444399978,0.37968345165888645,-0.2142418043416204,-1.8673991236957053,-0.5805847497871376,1.4367508738149088,1.9267971152724899,1.8673991236957053,0.5805847497871375,-1.4367508738149088,-1.9267971152724899,2.042988695038915,-0.9397948817839257,-0.7963047618752422,1.19783930908902,1.6280860983336327,-0.11056385533617837,0.27248355797146395,1.3838992344577103,0.2359179501266114,-0.13587631714245074,3.551140759895216,0.2167455758195296,0.1758205548040614,1.1514092309440185,0.9257473453143483,-0.1966605208301544,-1.0245243335583485,0.13912322148723624,1.345763561804618,-0.22521853951018608,-0.18870886633567022,-0.31014777044198855,-0.6539879756706302,0.037765181035771006,0.5049363836154963,2.1562914759748275,-0.3089636045814741,-0.09399804851920392,0.3116895600833803,0.15182834135206769,3.077968624013253,-1.7301243835737732,1.7301641902699731,1.7552873455967244,-1.7349310586605333,-1.6348708929713371,-1.7302767277116664,1.7303156507177806,1.7553251034271438,-1.7350667405476758,-1.63461210349565,-1.7358697585585188,1.7398387161273083,1.756074333966774,-1.7419743822338105,-1.6221797395468895,-1.7359036931260738,1.740376176886549,1.7560287581734026,-1.742018108213438,-1.6212460499119927,-0.1443632447588798,0.8015461244770257,-0.8894383916136072,-1.0880085943538325,0.36176173030240016,-0.11949359271988476
Hg,1.5244555587962154,1.484993066700979,0.958811051241089,0.6196521896729966,0.5060571560765953,-0.5778661444399978,0.5504405595478037,-0.2142418043416204,0.46684978092392615,-0.5805847497871376,1.4367508738149088,1.9267971152724899,-0.4668497809239263,0.5805847497871375,-1.4367508738149088,-1.9267971152724899,2.180481995971859,-0.4643034237384871,-1.3292646418704832,0.6600390699565105,0.6798798820477505,0.23903905523681876,0.6185991623424137,-1.132992415494107,0.032411409360284235,-0.12302927937036137,4.024313315440293,0.16410736454907218,0.318151480121635,0.6805040923863207,0.4994438273817812,0.03302695769666711,-1.3204090360936325,-0.1010366856292356,-0.33899134121264246,-0.3130331076678277,0.15698625518441678,-0.44419096371878386,-0.7127583625603662,-1.1405263151351133,-1.1843778185676557,1.130858504674471,-0.302271898065753,-0.7902558378971531,-0.9826161212315775,-1.312513083332588,-0.6592326428557937,-1.812882828926449,1.8129337543801811,1.8339580063384018,-1.8171820293544498,-1.6942640215986264,-1.813057581493685,1.8131073358312155,1.8339720709771488,-1.8173327347627528,-1.693964877150945,-1.8230586591748603,1.8373112500092141,1.8380137303488848,-1.8333043305151722,-1.6791730568891183,-1.8228365780686702,1.8353956080285232,1.8376522508668294,-1.8319940590981818,-1.6781507607844446,-0.0932916117892782,1.1738489691794693,1.7478498625895305,1.0131094510554428,-1.528395991755838,-0.11949359266920657
Tl,1.58373114693999,1.5252946026746645,0.958811051241089,0.795807494429534,-0.5430857284724436,-0.5778661444399978,0.7211976674367209,0.27793531374048025,0.46684978092392615,-0.032254708321507654,1.4367508738149088,1.9267971152724899,-0.4668497809239263,0.03225470832150753,-1.4367508738149088,-1.9267971152724899,2.3179752969048026,0.011188034306951455,-0.2633448818800014,0.12223883082400078,0.7115571498524016,0.23903905523681876,-0.6177360571321353,-0.33999797112645685,0.06929696987418095,-0.05879409050991453,-0.531022470783615,-0.09908369180321454,0.2896852950581203,1.4915073865690225,1.2336332193767574,0.5434435766451587,-0.21756605391666367,-0.2643454224684364,0.15652480673361074,-0.0276357611554929,1.0788399125713157,-0.020087089908596322,-0.5280514323354814,-0.7752548829646306,-0.5019519565032168,0.8479804436260968,-0.3077469306695248,-0.6648547518921728,-0.4893405540199856,-0.7315776328839213,-0.20204117056597587,-1.89704221610763,1.8971054095373172,1.911666231324363,-1.900454178544224,-1.7532841079522923,-1.8972413101152517,1.8973035335006387,1.9117463421978653,-1.9006357521996846,-1.7530675959877695,-1.9120389008550873,1.9376476404090561,1.9186419230120513,-1.9264649506010572,-1.7353148644865672,-1.9115293275196283,1.932998819026859,1.917866473291919,-1.9236329674215964,-1.7341851670346824,-0.16204260045086322,0.8015461244770257,-0.4498903492464176,-0.7042427413110429,-3.4185537138140765,-0.11949359272087845
Pb,1.6277692207206378,1.5655961386483503,0.958811051241089,0.9719627991860715,-0.5430857284724436,-0.5778661444399978,0.891954775325638,0.27793531374048025,0.46684978092392615,0.5160753331441222,1.4367508738149088,1.9267971152724899,-0.4668497809239263,-0.5160753331441225,-1.4367508738149088,-1.9267971152724899,2.455468597837746,0.48667949235239,0.2696149981152395,-0.41556140830850874,1.087460727800925,0.0661171854910353,-0.2440625684197691,-0.3588064391341781,0.1519715020605016,0.15960555161560447,-0.48986485796401363,-0.13417583265018615,0.26121910999460557,0.6805040923863207,0.4994438273817812,0.594485238540008,-0.0561743979883266,-0.4084413667383198,1.2962119470099926,-0.005682119116082493,0.8483764982245913,-0.24861974729854158,-0.595217588780894,-0.7490801240053536,-0.3263823938084566,0.7595810495484798,-0.3077469306695248,-0.6202480851324154,-0.42537103228301687,-0.664361960931183,-0.3328056806488688,-1.9826256878924773,1.9827012900952539,1.990568858825781,-1.9851201538670047,-1.8126494734844232,-1.9828508455014033,1.9829260075078727,1.990757487400145,-1.985340555410005,-1.8126091369398667,-2.002860895551649,2.0409875659454473,2.000678157306387,-2.0219461277137216,-1.7916426415773363,-2.002030122387565,2.0332957288675697,1.9994600613122249,-2.017424927202748,-1.7904146490280073,-0.16264162080269337,0.9256470727111736,0.42920573548796165,0.022892559191085526,-5.308711435872315,-0.11949359173845041
Bi,1.6556046541771126,1.605897674622036,0.958811051241089,1.1481181039426092,-0.5430857284724436,-0.5778661444399978,1.0627118832145552,0.27793531374048025,0.46684978092392615,1.0644053746097522,1.4367508738149088,1.9267971152724899,-0.4668497809239263,-1.0644053746097524,-1.4367508738149088,-1.9267971152724899,2.5929618987706897,0.9621709503978286,0.8025748781104803,-0.11439327439430338,1.0483920975085224,0.0661171854910353,-0.2815298681668553,0.16673857541477072,0.3503903793076703,0.24953481602023006,-0.4383478459993425,-0.32718260730853005,0.23275292493109084,0.2619217470016998,0.12050736699727764,0.28823526717091325,0.6969866630105785,-0.4948989333002496,0.5033861102959877,0.038225164962738326,0.3874496695311418,-0.07282539546012226,-0.5448429714468345,-0.8094423232379722,-0.43805208032809206,0.46786304909234394,-0.3138303002292712,-0.1788661359616648,-0.768266483358386,-0.6115496472540315,-0.6649233206094013,-2.069638372112453,2.0697266125147875,2.0706078838773365,-2.0711745997820317,-1.8723671735315657,-2.0698913222562885,2.069979917881752,2.0709209251975693,-2.0714374043511277,-1.8725884879197223,-2.095551372686328,2.1474380387539225,2.0840626826777893,-2.119798609044365,-1.8481459810648293,-2.094363081680129,2.1363695711737107,2.082363301913817,-2.113406614514803,-1.846828418359057,-0.16266703603595467,0.6774451762428778,-1.3289864339807969,-1.471774447396622,-2.657659550940792,-0.11949359273412763
Th,2.0161038251766006,1.888008426437835,1.6494800288300089,-0.9657455531358409,0.5060571560765953,-0.5778661444399978,-1.3278876272302855,-0.7064189224237211,0.46684978092392615,-0.5805847497871376,-0.44933135435910276,-0.6123928815982332,-0.4668497809239263,0.5805847497871375,0.4493313543591029,0.6123928815982334,-0.8443706245529008,-0.4643034237384871,-0.7963047618752422,0.42340696473820616,1.354605686286814,0.5598216541855188,-0.5610496318288072,0.40776609268673814,-0.7943339125029202,-0.7782282057469186,-0.6023623330042575,0.32202199836044443,1.9407240287419731,0.026469177722851095,-0.09264439196900592,0.6965685623297064,0.9659727562244738,2.367807159528095,0.552937725090613,1.311536403248541,0.8483764982245913,1.0105072977441392,1.5289121088052828,0.7706584318955285,1.5657984055520329,0.8126206859950499,-0.3138303002292712,0.14702731981738507,1.1583449948373783,1.1600634206431422,-0.1063893530053413,-2.718846622778228,2.719038077420212,2.6453571881580076,-2.709677409677769,-2.294614531470179,-2.7192783742045656,2.719469055529996,2.645653095564989,-2.710087180017748,-2.294760941809954,-2.798858250282725,2.989930295568983,2.6886840124059384,-2.874214847361368,-2.2416183426651206,-2.793899559804125,2.9434966375809983,2.6823983530095687,-2.848347540841439,-2.240133546130814,-0.1613005498446939,-0.06716051316200966,-0.8894383916136072,-0.9984632286438483,0.36176173030240016,-0.11949359277072855
U,2.109767790953966,1.968611498385206,1.6494800288300089,-0.9657455531358409,1.555200040625634,-0.5778661444399978,-1.1912819409191517,-0.7064189224237211,0.46684978092392615,-0.5805847497871376,-0.6850916328808543,-0.06828073941164971,-0.4668497809239263,0.5805847497871375,0.6850916328808544,0.06828073941164978,-0.5693840226870135,-0.4643034237384871,-0.2633448818800014,1.3806913903940732,1.3989538612133252,0.539772741751225,-0.5932052564593098,-0.2022061306089503,-0.6544231657260704,-0.7396870924306506,-0.5416618536893623,0.2342916462430154,1.6560621781068259,0.2619217470016998,0.10866560261026162,0.18615194338121477,-0.4865521471305582,2.118040856126964,-0.23988811162339177,1.091999982854437,0.7331447910512288,0.9819407155703956,1.134310939688483,0.1104134916166216,0.9627820983460016,2.1032518395282573,-0.3138303002292712,0.004448932914050669,0.9824288100607144,0.7471671500763212,-0.42603593320796823,-2.917501274088644,2.9177204720841696,2.8408090362887766,-2.908292515117724,-2.426620094401873,-2.9179951943664206,2.918214155460877,2.841285767104958,-2.9087812065979066,-2.4272456281047177,-3.0182887824600417,3.266207147610801,2.8903864391938434,-3.1177520297294214,-2.3620526509122692,-3.011740955263988,3.204949504007004,2.882582327190246,-3.0838386922440315,-2.3608809904433508,-0.1612690126939317,-0.5635643060986013,-1.3289864339807969,-1.471774447396622,-2.657659550940792,-0.1194935927788437
